catalog_index,id,ra,dec,z_source,cluster,z_lens,best_mu,median_mu,n_valid_mu_models,mu_model_000,mu_model_001,mu_model_002,mu_model_003,mu_model_004,mu_model_005,mu_model_006,mu_model_007,mu_model_008,mu_model_009,mu_model_010,mu_model_011,mu_model_012,mu_model_013,mu_model_014,mu_model_015,mu_model_016,mu_model_017,mu_model_018,mu_model_019,mu_model_020,mu_model_021,SIMBAD_MAIN_ID,SIMBAD_RA,SIMBAD_DEC,SIMBAD_OTYPE,SIMBAD_ZSPEC,SIMBAD_RVZ_QUAL,SIMBAD_RVZ_BIBCODE,SIMBAD_MATCH_SEP_ARCSEC,ZSPEC_SOURCE
52,289,39.9636171,-1.5534986,0.3984,abell370,0.375,1.06,1.06,14,1.06,1.06,1.06,1.06,1.05,1.51,1.06,1.06,1.04,1.58,1.04,1.04,1.09,1.09,,,,,,,,,[LRB2019] 14179,39.96361,-1.5534900000000005,G,0.3698,C,2019MNRAS.485.3738L,0.04014168700616326,SIMBAD
54,304,39.9680776,-1.5545495,0.3779,abell370,0.375,1.01,1.01,15,1.01,1.01,1.01,1.01,1.01,1.12,1.01,1.01,1.01,1.22,1.11,1.01,1.01,1.01,1.27,,,,,,,,SDSS J023952.33-013316.3,39.9680672,-1.5545355,GiC,0.36856,C,2016MNRAS.461..248S,0.06277644436837918,SIMBAD
58,323,39.9642335,-1.5548918,0.6217,abell370,0.375,1.59,1.5,15,1.59,1.6,1.6,1.64,1.53,1.38,1.65,1.65,1.4,1.48,1.37,1.49,1.5,1.49,1.45,,,,,,,,[LRB2019] 14523,39.96421,-1.55488,G,0.6032,C,2019MNRAS.485.3738L,0.09463847366948212,SIMBAD
64,353,39.9666582,-1.5557168,2.0365,abell370,0.375,3.1,3.23,15,3.1,4.07,4.07,4.55,4.09,2.35,3.2,3.2,3.11,3.33,2.76,2.65,3.48,3.32,3.23,,,,,,,,[BHF2019] A370   3824,39.96664,-1.55572,G,1.9304,D,2021A&A...646A..83R,0.06650125295617854,SIMBAD
76,387,39.9776768,-1.5567161,0.8436,abell370,0.375,2.19,2.08,18,2.19,2.12,2.12,2.17,2.02,2.13,2.5,2.5,1.9,2.13,2.04,1.6,1.88,1.88,2.43,,,,,1.32,1.53,1.81,[SLM2018] A370-clu  5615,39.97766519999999,-1.5567155,EmG,0.39,E,2021MNRAS.508.3860G,0.04180043272188221,SIMBAD
86,428,39.9680435,-1.5580464,0.8847,abell370,0.375,2.13,2.27,22,2.13,2.69,2.69,2.78,2.74,1.95,2.15,2.15,2.45,2.39,2.08,1.86,2.48,2.4,4.85,3.36,1.59,1.59,1.91,1.8,2.37,2.17,[LRB2019] 15430,39.96806000000001,-1.55806,G,0.8412,C,2019MNRAS.485.3738L,0.07695994502168776,SIMBAD
89,440,39.9627263,-1.5581649,1.3176,abell370,0.375,2.44,2.5300000000000002,22,2.44,3.74,3.74,3.6,3.11,2.49,5.93,5.93,2.29,2.46,2.1,1.91,2.81,2.76,2.31,5.13,2.25,2.25,2.57,1.75,2.43,2.83,[BHF2019] A370   3735,39.96274,-1.55817,G,1.3396,C,2019MNRAS.485.3738L,0.05260944260042011,SIMBAD
96,465,39.9780668,-1.5589551,6.6193,abell370,0.375,4.52,8.16,22,4.52,8.17,8.17,8.15,8.69,43.15,54.24,54.24,10.08,8.09,7.09,2.45,5.33,5.6,13.62,6.67,11.37,11.37,15.27,2.47,3.94,4.93,[BHF2019] A370   3825,39.978067,-1.558955,LeG,6.77,E,2022MNRAS.514.1148Y,0.0008047461228983593,SIMBAD
97,467,39.9781847,-1.5589755,6.7397,abell370,0.375,4.48,8.195,22,4.48,8.37,8.37,8.02,8.41,23.53,45.84,45.84,10.2,7.96,7.01,2.18,5.29,5.55,13.1,6.03,12.41,12.41,15.32,2.43,3.88,4.93,[BHF2019] A370   3822,39.978189,-1.5589810000000002,LeG,6.77,E,2022MNRAS.514.1148Y,0.025129525153126293,SIMBAD
98,471,39.9692844,-1.5593499,0.6608,abell370,0.375,1.69,1.96,22,1.69,2.04,2.04,2.05,2.17,1.71,1.78,1.78,2.09,1.97,1.79,1.55,2.0,1.95,8.93,3.19,1.77,1.77,2.45,1.63,2.04,1.83,[LRB2019] 15918,39.96930069,-1.55944475,G,0.6814,C,2019MNRAS.485.3738L,0.34645562985250833,SIMBAD
103,488,39.9735721,-1.5597488,2.8239,abell370,0.375,6.21,10.16,22,6.21,10.16,10.16,8.89,12.95,7.68,22.64,22.64,76.2,11.11,9.75,2.23,8.8,8.42,24.14,67.52,35.05,35.05,28.26,4.46,9.8,4.87,[LRB2019] 15776,39.97363,-1.5597499999999995,G,2.8023,D,2021A&A...646A..83R,0.20840754816365037,SIMBAD
110,505,39.9735192,-1.5603241,0.6731,abell370,0.375,1.89,2.1500000000000004,22,1.89,2.18,2.18,2.12,2.21,2.0,2.36,2.36,2.65,2.09,1.92,1.44,2.04,2.02,2.24,3.94,3.7,3.7,3.63,1.65,2.04,1.87,[LRB2019] 16235,39.973479999999995,-1.56034,G,0.7831,C,2019MNRAS.485.3738L,0.1522383202403877,SIMBAD
112,508,39.961747,-1.5608995,1.2716,abell370,0.375,2.06,3.435,22,2.06,3.7,3.7,3.68,3.61,3.13,6.35,6.35,2.86,2.74,2.6,1.89,3.15,3.13,3.33,5.37,14.1,14.1,15.35,2.17,3.03,3.54,[LRB2019] 13495,39.96174,-1.56091,G,1.2656,C,2019MNRAS.485.3738L,0.04542475982475632,SIMBAD
118,517,39.9698928,-1.5632198,0.4133,abell370,0.375,1.16,1.1949999999999998,22,1.16,1.2,1.2,1.2,1.31,2.5,1.15,1.15,1.16,2.43,3.38,1.13,1.18,1.17,1.48,1.2,1.19,1.19,1.2,1.16,1.21,1.17,[LRB2019] 13319,39.9699,-1.56325,G,0.3802,C,2019MNRAS.485.3738L,0.11176486391630666,SIMBAD
119,518,39.9689547,-1.5626647,2.8516,abell370,0.375,74.25,11.73,22,74.25,17.59,17.59,18.08,1.97,2.63,11.73,11.73,34.38,3.6,1.68,4.67,4.94,5.48,4.96,1711.66,160.69,160.69,327.38,3.18,3.9,62.77,[LRB2019] 13027,39.968729999999994,-1.5625600000000002,G,0.2063,C,2019MNRAS.485.3738L,0.8921511450376578,SIMBAD
120,526,39.9764761,-1.5610944,1.2843,abell370,0.375,3.53,5.12,22,3.53,5.12,5.12,4.71,5.56,14.46,8.91,8.91,7.89,4.53,4.59,1.87,3.76,3.91,5.55,34.7,22.02,22.02,219.0,2.56,3.58,3.35,[LRB2019] 13403,39.9764491,-1.5610873000000005,G,0.961,E,2019MNRAS.485.3738L,0.1004696058010744,SIMBAD
121,529,39.9756417,-1.5613487,0.3995,abell370,0.375,1.08,1.09,22,1.08,1.09,1.09,1.09,1.09,1.09,1.11,1.11,1.11,1.51,1.49,1.05,1.08,1.08,1.94,1.18,1.2,1.2,1.18,1.06,1.08,1.08,[LRB2019] 13583,39.97563,-1.56135,G,0.377,C,2019MNRAS.485.3738L,0.042363659922827174,SIMBAD
122,543,39.9673791,-1.5614283,1.0823,abell370,0.375,2.61,3.8899999999999997,22,2.61,4.9,4.9,4.84,5.41,2.75,3.54,3.54,3.34,3.53,2.82,2.87,4.38,4.14,3.39,15.86,7.11,7.11,9.46,3.17,5.1,3.64,[LRB2019] 13429,39.96735000000001,-1.56143,G,1.0345,C,2019MNRAS.485.3738L,0.10489977787543009,SIMBAD
125,547,39.9737484,-1.5620197,0.816,abell370,0.375,2.42,3.125,22,2.42,3.13,3.13,3.14,3.26,2.9,3.6,3.6,4.27,2.95,0.6,2.08,2.91,2.92,3.12,5.76,6.3,6.3,7.63,2.29,3.1,2.55,[LRB2019] 13465,39.97376,-1.56201,G,0.8416,C,2019MNRAS.485.3738L,0.054424334620318704,SIMBAD
127,549,39.9735564,-1.5626211,0.846,abell370,0.375,2.62,3.355,22,2.62,3.34,3.34,3.37,3.67,3.18,3.94,3.94,4.72,0.36,2.73,2.14,3.28,3.3,3.38,5.63,5.81,5.81,6.83,2.59,3.63,2.84,[LRB2019] 13253,39.97355,-1.56262,G,0.7156,C,2019MNRAS.485.3738L,0.023369391353754553,SIMBAD
129,558,39.9763684,-1.5615235,0.629,abell370,0.375,1.78,2.08,22,1.78,2.11,2.11,2.08,2.05,2.13,2.37,2.37,2.39,1.94,1.91,1.67,1.84,1.87,2.08,4.95,7.17,7.17,4.37,1.55,1.8,1.77,[LRB2019] 13290,39.97636,-1.56152,G,0.5946,C,2019MNRAS.485.3738L,0.03274963422301371,SIMBAD
131,560,39.9724337,-1.5618022,0.9184,abell370,0.375,3.28,3.75,22,3.28,3.8,3.8,3.85,4.01,3.05,3.75,3.75,5.2,0.44,2.69,2.29,3.6,3.53,3.71,6.05,6.31,6.31,6.83,2.72,4.07,2.95,[BHF2019] A370   3544,39.97243,-1.5618,G,1.0348,C,2019MNRAS.485.3738L,0.015492482131639526,SIMBAD
132,562,39.971862,-1.5621262,3.013,abell370,0.375,30.76,30.635,22,30.76,90.97,90.97,66.77,75.43,10.76,24.2,24.2,21.22,22.58,7.94,4.05,229.33,81.66,56.47,37.3,30.51,30.51,44.28,19.89,31.9,10.74,[LRB2019] 13283,39.97186,-1.5621299999999998,G,0.3745,D,2021A&A...646A..83R,0.015457809510447902,SIMBAD
136,568,39.9768748,-1.5618091,0.3847,abell370,0.375,1.03,1.04,22,1.03,1.04,1.04,1.04,1.04,1.04,1.04,1.04,1.04,1.15,1.41,1.03,1.03,1.03,1.15,1.07,1.07,1.07,1.07,1.02,1.03,1.03,[LRB2019] 13456,39.97686999999999,-1.5618,G,0.3753,C,2019MNRAS.485.3738L,0.03703503999262076,SIMBAD
140,580,39.9818504,-1.5621712,1.2601,abell370,0.375,2.96,2.755,22,2.96,3.1,3.1,3.24,2.86,2.57,2.61,2.61,2.64,2.74,2.77,2.03,2.49,2.63,3.04,4.98,3.81,3.81,6.27,1.57,2.29,2.69,[BHF2019] A370   3586,39.9819,-1.5621999999999998,G,1.2,E,2021MNRAS.501.1028Y,0.20642073465296684,SIMBAD
142,586,39.9621799,-1.5629719,0.3868,abell370,0.375,1.03,1.04,22,1.03,1.04,1.04,1.04,1.04,1.18,1.05,1.05,1.04,2.23,2.96,1.03,1.04,1.04,2.1,1.04,1.06,1.06,1.06,1.03,1.04,1.04,[LRB2019] 13048,39.96217,-1.56298,G,0.3777,C,2019MNRAS.485.3738L,0.04603879028634842,SIMBAD
143,587,39.9617302,-1.5606524,0.4177,abell370,0.375,1.09,1.13,22,1.09,1.14,1.14,1.14,1.13,1.11,1.18,1.18,1.11,0.4,1.1,1.08,1.12,1.12,2.24,1.16,1.19,1.19,1.18,1.07,1.11,1.13,[LRB2019] 16293,39.96173,-1.5606499999999996,G,0.3751,D,2021A&A...646A..83R,0.008669925921343935,SIMBAD
147,594,39.9774386,-1.5621009,0.8214,abell370,0.375,2.26,2.8049999999999997,22,2.26,2.79,2.79,2.82,2.88,2.95,3.58,3.58,3.71,2.65,2.61,2.07,2.42,2.51,2.87,12.28,11.66,11.66,9.34,1.87,2.3,2.32,[LRB2019] 13078,39.977700000000006,-1.56219,G,0.9604,C,2019MNRAS.485.3738L,0.9938738036204109,SIMBAD
148,596,39.9776985,-1.5621874,0.816,abell370,0.375,2.25,2.7199999999999998,22,2.25,2.69,2.69,2.75,2.8,2.81,3.48,3.48,3.63,2.58,2.56,2.06,2.38,2.46,2.81,10.83,9.53,9.53,8.62,1.83,2.24,2.29,[LRB2019] 13078,39.977700000000006,-1.56219,G,0.9604,C,2019MNRAS.485.3738L,0.010804995510994675,SIMBAD
150,600,39.97531,-1.562518,0.3833,abell370,0.375,1.02,1.04,22,1.02,1.04,1.04,1.03,1.04,1.03,1.04,1.04,1.04,1.5,1.32,1.02,1.03,1.03,1.2,1.05,1.06,1.06,1.06,1.02,1.03,1.03,[LRB2019] 13279,39.97531,-1.56251,G,0.3676,C,2019MNRAS.485.3738L,0.028800000000091044,SIMBAD
157,628,39.9776897,-1.5629052,0.3757,abell370,0.375,1.0,1.0,22,1.0,1.0,1.0,1.0,1.0,1.0,1.0,1.0,1.0,1.0,1.06,1.0,1.0,1.0,1.0,1.0,1.0,1.0,1.0,1.0,1.0,1.0,[LRB2019] 13104,39.97767999999999,-1.5628800000000005,G,0.3825,C,2019MNRAS.485.3738L,0.09720400045466956,SIMBAD
158,632,39.9647743,-1.5630613,0.3946,abell370,0.375,1.05,1.08,22,1.05,1.08,1.08,1.08,1.08,1.06,1.07,1.07,1.06,2.12,1.82,1.06,1.07,1.07,1.38,1.09,1.08,1.08,1.09,1.06,1.08,1.07,[LRB2019] 13133,39.96477,-1.56306,G,0.3815,C,2019MNRAS.485.3738L,0.016166462336683805,SIMBAD
160,637,39.9679487,-1.5630424,0.9472,abell370,0.375,2.96,4.325,22,2.96,5.53,5.53,5.49,5.66,2.92,3.34,3.34,3.38,3.76,3.01,2.53,4.95,4.57,3.65,7.49,5.34,5.34,6.24,4.08,6.5,3.92,[LRB2019] 12804,39.96793,-1.5630399999999998,G,1.0335,C,2019MNRAS.485.3738L,0.0678473292657381,SIMBAD
161,641,39.9664179,-1.5640895,2.9806,abell370,0.375,7.32,25.53,22,7.32,25.53,25.53,26.6,93.12,13.51,311.34,311.34,13.25,13.89,7.35,5.64,29.14,50.46,12.4,19.54,40.03,40.03,19.22,58.17,19.87,193.84,[LRB2019] 12709,39.96639999999999,-1.5641,G,0.3296,C,2019MNRAS.485.3738L,0.07468774908423151,SIMBAD
163,643,39.9671267,-1.564227,0.4053,abell370,0.375,1.09,1.13,22,1.09,1.15,1.15,1.15,1.15,1.11,1.11,1.11,1.11,1.38,1.91,1.1,1.14,1.14,1.11,1.15,1.11,1.11,1.13,1.12,1.15,1.13,[LRB2019] 12694,39.96713,-1.56423,G,0.3783,C,2019MNRAS.485.3738L,0.016052078759408214,SIMBAD
165,647,39.9668831,-1.5634488,1.1012,abell370,0.375,3.09,5.154999999999999,22,3.09,7.22,7.22,7.25,6.31,3.47,4.41,4.41,3.74,0.24,3.06,3.12,6.15,5.65,3.76,12.41,5.31,5.31,6.96,4.59,7.61,5.0,[BHF2019] A370   3447,39.96689,-1.56344,G,1.0324,C,2019MNRAS.485.3738L,0.04025156743389847,SIMBAD
166,649,39.9768353,-1.5586987,0.5605,abell370,0.375,1.46,1.59,22,1.46,1.62,1.62,1.58,1.55,1.6,1.76,1.76,1.6,1.55,1.56,1.3,1.47,1.48,1.63,2.68,1.8,1.8,1.87,1.22,1.36,1.44,[LRB2019] 15552,39.97682,-1.5586899999999997,G,0.7973,C,2019MNRAS.485.3738L,0.06334432970116691,SIMBAD
169,655,39.9803876,-1.5643135,0.3953,abell370,0.375,1.05,1.08,22,1.05,1.06,1.06,1.07,1.14,2.5,1.08,1.08,1.08,3.32,12.63,1.05,1.1,1.11,2.13,1.09,1.06,1.06,1.07,1.07,1.08,1.07,BOW ACO  370 CC153,39.9803738,-1.5643192,GiC,0.3633,C,2019MNRAS.485.3738L,0.053733913605196776,SIMBAD
171,658,39.9594841,-1.5629141,0.7524,abell370,0.375,1.51,1.97,22,1.51,2.03,2.03,2.03,2.01,1.94,2.0,2.0,1.93,0.14,1.64,1.73,1.92,1.93,1.83,2.12,4.11,4.11,2.72,1.46,1.82,2.05,[LRB2019] 13228,39.959480000000006,-1.56291,G,0.8046,C,2019MNRAS.485.3738L,0.02086990977944852,SIMBAD
175,668,39.958805,-1.5637172,1.2881,abell370,0.375,1.89,2.7649999999999997,22,1.89,2.93,2.93,2.98,2.99,2.78,2.47,2.47,2.75,2.51,2.11,2.34,2.75,2.82,2.59,3.8,7.68,7.68,3.29,1.8,2.62,3.29,[BHF2019] A370   3489,39.95882999999999,-1.5636999999999996,G,1.2651,C,2019MNRAS.485.3738L,0.10921563369176376,SIMBAD
178,674,39.9650038,-1.5640135,0.4201,abell370,0.375,1.13,1.2,22,1.13,1.2,1.2,1.2,1.34,4.19,1.16,1.16,1.15,1.33,1.64,1.15,1.26,1.26,21.11,1.19,1.17,1.17,1.19,1.18,1.22,1.2,BOW ACO  370 CC303,39.965,-1.56401,GiC,0.3778,C,2019MNRAS.485.3738L,0.018594703220132434,SIMBAD
180,681,39.9706036,-1.5653192,0.4133,abell370,0.375,1.19,1.205,22,1.19,1.22,1.22,1.22,1.42,2.58,1.18,1.18,1.18,1.47,2.17,1.13,1.21,1.21,1.58,1.18,1.15,1.15,1.13,1.2,1.25,1.2,[LRB2019] 12560,39.97057,-1.56531,G,0.3687,C,2019MNRAS.485.3738L,0.1253688088649775,SIMBAD
181,682,39.971115,-1.5660431,0.4056,abell370,0.375,1.14,1.17,22,1.14,1.19,1.19,1.18,1.31,3.76,1.15,1.15,1.15,4.88,0.2,1.11,1.22,1.23,2.24,1.15,1.12,1.12,1.11,1.17,1.21,1.17,[LRB2019] 12379,39.97110000000001,-1.56605,G,0.3731,C,2019MNRAS.485.3738L,0.059420936283201414,SIMBAD
182,684,39.9610855,-1.562617,2.6598,abell370,0.375,2.43,6.33,22,2.43,7.11,7.11,7.19,10.77,7.0,9.12,9.12,5.76,4.73,4.27,3.15,6.08,6.17,5.19,5.82,6.49,6.49,6.68,3.52,5.69,8.08,[LRB2019] 13028,39.96108,-1.56262,G,2.805,D,2021A&A...646A..83R,0.022547471476602878,SIMBAD
189,704,39.960798,-1.5646489,0.4715,abell370,0.375,1.19,1.36,22,1.19,1.36,1.36,1.36,1.67,1.09,1.3,1.3,1.3,0.67,1.69,1.24,1.48,1.49,6.03,1.28,1.42,1.42,1.39,1.3,1.37,1.35,[LRB2019] 12828,39.96079,-1.56464,G,0.372,C,2019MNRAS.485.3738L,0.04307415939789548,SIMBAD
192,720,39.9588965,-1.5648363,0.4196,abell370,0.375,1.08,1.12,22,1.08,1.14,1.14,1.14,1.13,1.12,1.11,1.11,1.12,2.71,1.1,1.11,1.12,1.12,1.13,1.16,1.15,1.15,1.11,1.07,1.12,1.13,[LRB2019] 12497,39.95889,-1.56482,G,0.379,D,2021A&A...646A..83R,0.06317035752941016,SIMBAD
193,722,39.9588875,-1.5652688,1.1631,abell370,0.375,1.8,2.6550000000000002,22,1.8,3.12,3.12,3.11,2.79,2.63,2.34,2.34,2.62,2.57,2.21,2.34,2.72,2.8,1.7,4.13,3.02,3.02,2.24,1.93,2.68,3.21,[BHF2019] A370   3328,39.95888,-1.56528,LeG,1.2656,C,2019MNRAS.485.3738L,0.04851967080796469,SIMBAD
202,757,39.9770554,-1.5588262,2.3774,abell370,0.375,3.78,5.855,22,3.78,5.79,5.79,5.38,5.92,26.08,17.06,17.06,7.01,5.63,9.73,2.16,4.14,4.23,8.13,15.81,26.2,26.2,77.4,2.27,3.3,3.63,[LRB2019] 15552,39.97682,-1.5586899999999997,G,0.7973,C,2019MNRAS.485.3738L,0.9787935708263632,SIMBAD
203,774,39.9744635,-1.5651212,0.3822,abell370,0.375,1.03,1.03,22,1.03,1.03,1.03,1.03,1.04,1.03,1.03,1.03,1.03,1.03,1.03,1.02,1.03,1.03,1.03,1.03,1.03,1.03,1.03,1.03,1.04,1.03,[LRB2019] 12255,39.97422,-1.56503,G,0.3603,D,2021A&A...646A..83R,0.9357608475221458,SIMBAD
205,781,39.9793227,-1.5653793,0.7798,abell370,0.375,1.94,2.55,22,1.94,2.74,2.74,2.69,2.9,2.44,3.18,3.18,3.36,2.46,2.55,2.08,2.39,2.55,2.72,3.36,2.33,2.33,2.56,1.99,2.34,2.43,[LRB2019] 12234,39.97912,-1.5654500000000002,EmG,0.3818,C,2019MNRAS.485.3738L,0.7725764155354145,SIMBAD
214,818,39.9822516,-1.5660748,0.6236,abell370,0.375,1.63,1.71,22,1.63,1.74,1.74,1.74,1.77,1.65,1.84,1.84,1.81,1.72,1.72,1.5,1.64,1.7,1.81,1.72,1.38,1.38,1.61,1.4,1.6,1.68,[LRB2019] 11993,39.98225,-1.56607,G,1.1958,C,2019MNRAS.485.3738L,0.018214039065317787,SIMBAD
216,822,39.983195,-1.5662107,4.4423,abell370,0.375,4.1,4.73,22,4.1,5.2,5.2,5.78,5.84,3.88,5.02,5.02,4.34,4.74,4.72,2.95,4.35,5.18,5.42,3.53,2.63,2.63,3.29,2.55,4.95,6.13,[LRB2019] 12137,39.98315,-1.56622,EmG,4.2561,C,2019MNRAS.485.3738L,0.16536415822960998,SIMBAD
218,834,39.9656765,-1.5668458,1.4175,abell370,0.375,7.01,21.255000000000003,22,7.01,38.2,38.2,44.08,78.72,29.5,10.39,10.39,13.57,10.13,12.46,6.71,75.23,46.09,23.39,4.85,19.12,19.12,17.05,101.71,242.7,115.71,[DSB2018] A370  3.3.1,39.96565,-1.5668555555555554,LeG,1.955,C,2019MNRAS.485.3738L,0.10162563588001731,SIMBAD
220,840,39.9787156,-1.5666755,0.4045,abell370,0.375,1.09,1.12,22,1.09,1.12,1.12,1.12,1.13,1.12,1.14,1.14,1.14,1.12,1.25,1.12,1.11,1.12,1.12,1.12,1.12,1.12,1.11,1.1,1.11,1.11,[LRB2019] 11950,39.97876,-1.56667,EmG,0.3658,C,2019MNRAS.485.3738L,0.16100238572834072,SIMBAD
222,842,39.9696237,-1.5666295,3.2636,abell370,0.375,1.59,5.07,22,1.59,6.19,6.19,5.96,7.81,7.91,4.96,4.96,4.77,4.86,4.86,7.62,5.71,6.38,5.79,3.48,3.43,3.43,3.96,4.12,5.18,6.93,[DSB2018] A370 12.2.1,39.96959583333334,-1.566625,EmG,3.4809,C,2019MNRAS.485.3738L,0.1015825775336979,SIMBAD
223,843,39.9697641,-1.5666418,3.3665,abell370,0.375,1.58,4.96,22,1.58,6.8,6.8,6.35,7.37,7.55,4.85,4.85,4.64,4.71,4.48,7.73,5.63,6.28,5.46,3.51,3.31,3.31,3.83,4.01,5.07,6.76,[DSB2018] A370 12.2.1,39.96959583333334,-1.566625,EmG,3.4809,C,2019MNRAS.485.3738L,0.6085464118421404,SIMBAD
231,860,39.9801156,-1.5667323,5.4438,abell370,0.375,3.3,10.645,22,3.3,10.05,10.05,10.09,14.78,9.27,30.18,30.18,19.82,11.15,15.22,3.58,9.3,14.32,17.0,97.04,4.42,4.42,100.19,5.94,10.14,24.44,[BHF2019] A370   3252,39.980113,-1.566731,EmG,5.9386,C,2019MNRAS.485.3738L,0.010461668498623452,SIMBAD
232,861,39.9802733,-1.5667604,5.7045,abell370,0.375,3.7,11.399999999999999,22,3.7,10.18,10.18,10.18,16.01,10.11,28.39,28.39,18.73,12.18,17.6,3.6,9.32,14.43,18.33,122.22,3.97,3.97,66.8,6.08,10.62,25.36,[BHF2019] A370   3241,39.980271,-1.566761,LeG,5.85,E,2018ApJ...854...73I,0.008554107067049309,SIMBAD
237,872,39.9724467,-1.5671547,2.9243,abell370,0.375,3.12,6.8149999999999995,22,3.12,9.23,9.23,8.78,9.41,6.03,5.76,5.76,4.9,7.58,6.51,9.18,7.41,7.49,7.25,5.6,3.27,3.27,2.38,6.53,7.41,7.1,[DSB2018] A370 27.1.1,39.97244166666667,-1.5671611111111112,EmG,3.01834,C,2021A&A...646A..83R,0.029338971050439703,SIMBAD
243,882,39.9769441,-1.5665409,0.408,abell370,0.375,1.1,1.15,22,1.1,1.14,1.14,1.14,1.17,1.15,1.15,1.15,1.16,2.19,1.93,1.12,1.15,1.15,1.4,1.14,1.16,1.16,1.12,1.14,1.16,1.15,[LRB2019] 12097,39.97693,-1.5665400000000005,G,0.3744,C,2019MNRAS.485.3738L,0.05084436613168952,SIMBAD
245,886,39.9771454,-1.5670954,1.5801,abell370,0.375,4.5,12.36,22,4.5,12.1,12.1,12.03,35.86,14.53,11.93,11.93,17.38,12.62,13.91,6.7,12.1,21.56,13.16,7.32,55.39,55.39,8.23,9.04,14.01,17.11,[JSB2014] A370 3.3,39.977291666666666,-1.5673,LeG,1.95,D,2017MNRAS.469.3946L,0.9053058468229566,SIMBAD
246,887,39.9580345,-1.5674447,4.0738,abell370,0.375,2.34,4.41,22,2.34,6.42,6.42,6.71,4.79,4.06,3.94,3.94,3.34,5.74,3.81,4.3,5.24,5.81,4.52,19.21,2.66,2.66,3.27,3.09,5.73,8.74,[SLM2018] A370-clu  4476,39.9580378,-1.5674506999999998,EmG,0.42,E,2021MNRAS.508.3860G,0.02464931641756627,SIMBAD
247,891,39.978957,-1.5674603,1.5628,abell370,0.375,3.89,6.35,22,3.89,6.24,6.24,6.18,7.32,5.0,9.59,9.59,8.89,5.59,5.74,5.49,5.64,7.16,6.46,8.02,6.92,6.92,9.13,4.42,5.91,7.53,[KIS2018] A370 3.3,39.97895799999999,-1.5674610000000002,LeI,1.95,C,2018ApJ...855....4K,0.004393256490732876,SIMBAD
248,893,39.9789421,-1.5675836,0.6491,abell370,0.375,1.77,2.24,22,1.77,2.24,2.24,2.23,2.39,2.1,2.47,2.47,2.45,2.16,2.16,2.16,2.11,2.25,2.25,2.3,2.24,2.24,2.4,1.97,2.15,2.17,[KIS2018] A370 3.3,39.97895799999999,-1.5674610000000002,LeI,1.95,C,2018ApJ...855....4K,0.4450534973066705,SIMBAD
249,894,39.9728399,-1.567712,0.3887,abell370,0.375,1.07,1.08,22,1.07,1.08,1.08,1.08,1.09,1.08,1.07,1.07,1.07,1.2,1.43,1.06,1.08,1.09,1.52,1.07,1.07,1.07,1.08,1.08,1.09,1.08,[LRB2019] 11834,39.97284,-1.5677099999999995,G,0.3697,C,2019MNRAS.485.3738L,0.007208987656319815,SIMBAD
261,927,39.9557965,-1.5683229,0.3833,abell370,0.375,1.02,1.02,19,1.02,1.03,1.03,1.02,1.02,1.02,1.02,1.02,1.01,1.16,15.54,1.02,1.02,1.02,1.1,1.03,,,,1.01,1.02,1.02,[LRB2019] 11527,39.9558,-1.56833,G,0.3808,C,2019MNRAS.485.3738L,0.02849481845844129,SIMBAD
264,930,39.9579463,-1.568213,1.1627,abell370,0.375,1.8,2.665,22,1.8,3.05,3.05,3.13,2.66,2.27,2.68,2.68,2.15,2.67,2.21,2.58,2.71,2.83,1.36,6.63,1.87,1.87,2.31,1.99,2.82,3.17,[BHF2019] A370   3147,39.95794,-1.56822,G,1.1933,C,2019MNRAS.485.3738L,0.03389745047702559,SIMBAD
266,935,39.9722207,-1.5684378,0.4634,abell370,0.375,1.58,1.69,22,1.58,1.72,1.72,1.73,2.26,1.21,1.59,1.59,1.61,4.8,0.14,1.41,1.7,1.74,9.94,1.64,1.65,1.65,1.96,1.68,1.79,1.73,[LRB2019] 11881,39.97221999999999,-1.56844,G,0.3696,C,2019MNRAS.485.3738L,0.008310959186785956,SIMBAD
268,939,39.986424,-1.5681373,3.3875,abell370,0.375,2.36,2.87,22,2.36,3.77,3.77,3.77,3.25,2.44,2.66,2.66,2.9,3.23,2.84,1.75,2.9,3.21,3.25,1.96,2.31,2.31,2.06,1.76,3.76,3.39,[LRB2019] 11481,39.98642,-1.5681300000000002,G,2.5607,D,2021A&A...646A..83R,0.029964030299758273,SIMBAD
269,941,39.9865519,-1.5683196,0.5318,abell370,0.375,1.26,1.315,22,1.26,1.39,1.39,1.39,1.33,1.27,1.29,1.29,1.32,1.36,1.33,1.18,1.31,1.33,1.37,1.2,1.23,1.23,1.22,1.14,1.37,1.32,[LRB2019] 11481,39.98642,-1.5681300000000002,G,2.5607,D,2021A&A...646A..83R,0.8313797611485049,SIMBAD
272,950,39.9755781,-1.5667089,0.3961,abell370,0.375,1.08,1.1,22,1.08,1.1,1.1,1.1,1.14,1.81,1.1,1.1,1.1,1.19,13.64,1.09,1.11,1.12,1.2,1.09,1.09,1.09,1.08,1.1,1.12,1.11,[LRB2019] 12226,39.97561,-1.5667300000000002,G,0.3683,C,2019MNRAS.485.3738L,0.13765278275826323,SIMBAD
273,953,39.9824444,-1.56838,0.3941,abell370,0.375,1.05,1.065,22,1.05,1.07,1.07,1.07,1.07,1.06,1.07,1.07,1.07,1.48,2.12,1.06,1.06,1.06,1.25,1.08,1.05,1.05,1.06,1.04,1.06,1.06,[LRB2019] 11557,39.98244,-1.56838,G,0.3808,C,2019MNRAS.485.3738L,0.015834065898822868,SIMBAD
288,999,39.9811784,-1.568962,0.4492,abell370,0.375,1.17,1.2850000000000001,22,1.17,1.29,1.29,1.28,1.35,1.28,1.32,1.32,1.31,1.85,1.32,1.23,1.26,1.28,1.32,1.44,1.27,1.27,1.31,1.24,1.27,1.27,[LRB2019] 11269,39.98118,-1.56896,EmG,0.3813,C,2019MNRAS.485.3738L,0.009219150065060251,SIMBAD
290,1002,39.9751936,-1.5688045,0.6856,abell370,0.375,2.69,3.3600000000000003,22,2.69,3.48,3.48,3.49,4.09,3.66,2.88,2.88,3.24,3.2,2.9,2.94,3.7,4.29,2.98,2.99,3.25,3.25,3.66,3.47,4.06,4.04,[DSB2018] A370 13.2.1,39.975205,-1.5688089,EmG,4.24663,C,2021A&A...646A..83R,0.043976411784869995,SIMBAD
294,1009,39.9780758,-1.569139,1.2657,abell370,0.375,4.64,6.404999999999999,22,4.64,6.35,6.35,6.33,9.12,5.59,6.19,6.19,6.1,6.3,5.92,6.63,6.77,9.35,6.17,6.52,7.5,7.5,8.1,6.46,8.15,10.08,[BHF2019] A370   2989,39.978080000000006,-1.56914,G,1.2646,C,2019MNRAS.485.3738L,0.015537148265184476,SIMBAD
295,1012,39.9730016,-1.5690699,0.5292,abell370,0.375,2.33,2.31,22,2.33,2.51,2.51,2.49,2.44,2.31,2.13,2.13,2.25,2.11,2.01,1.78,2.46,2.62,2.01,2.31,2.21,2.21,2.15,2.31,2.55,2.57,[LRB2019] 11196,39.973,-1.5690699999999995,G,0.3778,D,2021A&A...646A..83R,0.00576908350259012,SIMBAD
298,1032,39.96382,-1.5693623,7.6104,abell370,0.375,45.28,9.53,22,45.28,13.28,13.28,13.82,8.23,5.33,14.7,14.7,8.82,9.11,5.82,31.42,11.07,10.28,4.64,11.22,3.95,3.95,4.65,6.87,9.95,6.85,[DSB2018] A370 11.1.1,39.96380416666666,-1.569361111111111,LeG,4.667,D,2017MNRAS.469.3946L,0.05713914137759419,SIMBAD
299,1034,39.9857559,-1.5695636,1.3393,abell370,0.375,1.65,2.54,22,1.65,2.69,2.69,2.67,2.58,2.24,2.66,2.66,3.13,2.61,2.38,1.86,2.36,2.54,2.69,2.08,1.89,1.89,1.94,1.71,2.7,2.54,[LRB2019] 11212,39.98573,-1.56954,G,1.2945,C,2019MNRAS.485.3738L,0.12611652106403295,SIMBAD
300,1042,39.9864832,-1.5698699,0.9794,abell370,0.375,1.5,2.0300000000000002,22,1.5,2.19,2.19,2.17,2.05,1.83,2.12,2.12,2.42,2.13,1.97,1.68,1.94,2.04,2.15,1.81,1.64,1.64,1.71,1.47,2.21,2.02,[LRB2019] 11215,39.98647,-1.56988,G,1.0341,C,2019MNRAS.485.3738L,0.059820608158149984,SIMBAD
305,1053,39.9900571,-1.5696568,1.0601,abell370,0.375,1.33,1.72,22,1.33,1.96,1.96,1.97,1.74,1.47,1.4,1.4,1.49,1.92,2.08,1.73,1.71,1.77,1.81,1.55,1.42,1.42,1.39,1.21,1.88,1.76,[BHF2019] A370   2983,39.99004999999999,-1.5696500000000002,G,1.0582,C,2019MNRAS.485.3738L,0.035384937471564896,SIMBAD
306,1055,39.9644972,-1.5697903,2.7635,abell370,0.375,16.31,11.78,22,16.31,11.78,11.78,13.19,9.36,6.16,18.9,18.9,12.14,10.93,5.21,23.16,14.66,14.09,4.87,15.45,5.32,5.32,5.35,8.35,12.37,9.17,[JSB2014] A370 8.1,39.9645,-1.5699083333333337,LeG,2.042,D,2017MNRAS.469.3946L,0.42503945292590933,SIMBAD
310,1064,39.9655242,-1.5702316,0.5042,abell370,0.375,1.57,1.94,22,1.57,2.03,2.03,2.02,1.93,1.81,1.78,1.78,1.82,1.74,8.98,1.63,1.94,1.94,2.1,1.77,2.05,2.05,1.94,1.99,2.1,1.97,[LRB2019] 10871,39.96552,-1.57022,G,0.3857,C,2019MNRAS.485.3738L,0.0444110384714831,SIMBAD
312,1069,39.9560181,-1.5703717,0.5039,abell370,0.375,1.21,1.31,22,1.21,1.4,1.4,1.38,1.3,1.21,1.35,1.35,1.2,1.31,1.23,1.34,1.31,1.32,1.25,1.44,1.16,1.16,1.25,1.15,1.36,1.33,[LRB2019] 10866,39.95603,-1.5703900000000002,G,0.5471,C,2019MNRAS.485.3738L,0.07857519751111962,SIMBAD
314,1077,39.9818128,-1.5708985,0.3955,abell370,0.375,1.05,1.09,22,1.05,1.08,1.08,1.08,1.21,2.73,1.09,1.09,1.09,1.41,1.37,1.06,1.12,1.13,1.46,1.13,1.09,1.09,1.08,1.09,1.09,1.08,BOW ACO  370 CC213,39.9817995,-1.5708899,GiC,0.3758,C,2019MNRAS.485.3738L,0.057002571409422366,SIMBAD
316,1079,39.9891383,-1.569859,2.4095,abell370,0.375,1.45,2.23,22,1.45,2.68,2.68,2.68,2.39,1.9,1.89,1.89,2.2,2.63,2.36,2.11,2.26,2.41,2.45,2.15,1.81,1.81,1.81,1.43,2.92,2.4,[LRB2019] 10793,39.98913,-1.56985,G,2.383,C,2019MNRAS.485.3738L,0.0440670434720696,SIMBAD
318,1092,39.9829039,-1.5702396,1.1983,abell370,0.375,1.78,3.285,22,1.78,3.3,3.3,3.27,3.6,3.42,4.05,4.05,4.36,3.34,3.35,2.73,2.96,3.27,3.67,6.26,3.26,3.26,2.74,2.49,3.12,3.21,[LRB2019] 10594,39.98311,-1.57042,G,0.2559,C,2019MNRAS.485.3738L,0.9858313942385557,SIMBAD
325,1110,39.9840798,-1.570894,3.3776,abell370,0.375,2.04,5.01,22,2.04,5.0,5.0,5.02,5.76,5.19,7.04,7.04,9.72,4.86,4.58,3.98,4.31,5.08,5.3,12.02,3.82,3.82,3.59,3.3,5.27,5.11,[DSB2018] A370 12.1.1,39.984116666666665,-1.5708583333333332,EmG,3.4809,C,2019MNRAS.485.3738L,0.18462914450072357,SIMBAD
332,1137,39.9806974,-1.5711249,3.0263,abell370,0.375,3.1,9.26,22,3.1,9.44,9.44,9.46,11.2,7.12,10.04,10.04,9.08,7.74,9.07,4.58,8.23,11.79,9.76,90.06,5.96,5.96,7.06,8.46,11.83,14.35,[DSB2018] A370 27.2.1,39.980691666666665,-1.5711166666666667,EmG,3.01852,C,2021A&A...646A..83R,0.036113971716828626,SIMBAD
334,1141,39.9901953,-1.5712123,5.5966,abell370,0.375,1.5,2.41,22,1.5,3.06,3.06,3.12,2.57,1.92,1.93,1.93,2.3,2.88,2.4,2.31,2.42,2.59,2.64,3.11,1.77,1.77,1.82,1.46,2.83,2.52,[FLB2020] A370.55,39.9901947,-1.5712141,EmG,5.6154,C,2019MNRAS.485.3738L,0.006830262973533193,SIMBAD
340,1163,39.9799334,-1.5713896,3.916,abell370,0.375,4.01,13.785,22,4.01,14.18,14.18,13.79,20.16,8.72,17.59,17.59,13.78,11.68,12.49,4.92,13.76,26.35,13.28,33.7,4.95,4.95,6.12,16.45,28.48,67.55,[KIS2018] A370 47.1,39.97993,-1.57139,EmG,3.93452,C,2021A&A...646A..83R,0.012319843261184116,SIMBAD
341,1164,39.9752459,-1.5647155,0.719,abell370,0.375,2.21,3.15,22,2.21,2.91,2.91,2.91,3.52,4.05,3.15,3.15,3.52,3.22,5.7,2.03,2.88,3.02,3.0,3.4,4.03,4.03,3.57,2.59,3.21,2.71,BOW ACO  370 CC055,39.97518706,-1.56454098,GiC,0.3582,C,2019MNRAS.485.3738L,0.6629944654029974,SIMBAD
343,1167,39.9779708,-1.5716091,0.3954,abell370,0.375,1.07,1.1,22,1.07,1.1,1.1,1.1,1.11,1.09,1.09,1.09,1.09,1.58,2.71,1.09,1.1,1.11,1.09,1.1,1.08,1.08,1.07,1.1,1.11,1.1,[LRB2019] 10267,39.97796,-1.5716,G,0.3763,C,2019MNRAS.485.3738L,0.05083045283635355,SIMBAD
345,1170,39.9610257,-1.5720091,0.407,abell370,0.375,1.07,1.14,22,1.07,1.14,1.14,1.14,1.22,4.04,1.12,1.12,1.1,2.19,0.97,1.13,1.18,1.17,3.78,1.1,1.07,1.07,1.09,1.14,1.16,1.15,[LRB2019] 10487,39.96102,-1.57201,G,0.3659,C,2019MNRAS.485.3738L,0.020766586351936865,SIMBAD
347,1180,39.9882523,-1.5723885,0.4466,abell370,0.375,1.07,1.165,22,1.07,1.17,1.17,1.17,1.15,4.91,1.17,1.17,1.19,1.23,0.39,1.13,1.14,1.15,3.07,1.25,1.11,1.11,1.14,1.1,1.22,1.16,[LRB2019] 10306,39.98825,-1.57239,G,0.3763,C,2019MNRAS.485.3738L,0.009882650398458414,SIMBAD
351,1196,39.979529,-1.5717779,4.0542,abell370,0.375,4.18,16.645,22,4.18,15.65,15.65,16.68,35.95,10.19,19.5,19.5,14.08,16.42,17.4,9.41,19.6,56.42,16.61,29.09,5.15,5.15,5.86,32.57,94.95,133.27,[DSB2018] A370 13.1.1,39.9795227,-1.571775,EmG,4.2476,C,2019MNRAS.485.3738L,0.024959747558919946,SIMBAD
354,1200,39.9680826,-1.5756356,0.4174,abell370,0.375,1.33,1.415,22,1.33,1.39,1.39,1.39,1.62,4.03,1.42,1.42,1.41,0.63,1.68,1.25,1.53,1.53,4.07,1.32,1.35,1.35,1.34,1.44,1.45,1.44,BOW ACO  370 CC230,39.968075,-1.5756317,GiC,0.3779,C,2019MNRAS.485.3738L,0.03074288922351601,SIMBAD
357,1213,39.9749363,-1.5722336,0.4153,abell370,0.375,1.18,1.28,22,1.18,1.3,1.3,1.3,1.29,1.26,1.23,1.23,1.26,1.27,1.24,1.2,1.29,1.32,1.23,1.23,1.29,1.29,1.25,1.29,1.3,1.32,[LRB2019] 10059,39.97507,-1.57212,EmG,3.1563,C,2019MNRAS.485.3738L,0.6314608745666785,SIMBAD
361,1217,39.9768514,-1.5721184,0.4021,abell370,0.375,1.09,1.15,22,1.09,1.15,1.15,1.15,1.16,1.13,1.12,1.12,1.13,2.65,4.05,1.12,1.15,1.16,1.51,1.12,1.14,1.14,1.12,1.16,1.17,1.16,[LRB2019] 10266,39.976850000000006,-1.57212,G,0.3766,C,2019MNRAS.485.3738L,0.007652455832570204,SIMBAD
368,1228,39.9598472,-1.5722992,1.0844,abell370,0.375,1.82,3.425,22,1.82,3.74,3.74,3.74,3.56,2.52,3.47,3.47,2.61,2.81,2.62,3.53,3.47,3.7,2.69,3.38,2.02,2.02,2.64,3.16,4.24,3.99,[LRB2019] 10241,39.95985,-1.5722899999999995,G,1.0653,C,2019MNRAS.485.3738L,0.03461884321032834,SIMBAD
369,1230,39.9595588,-1.5727979,2.6631,abell370,0.375,2.36,6.35,22,2.36,6.35,6.35,6.38,6.65,3.77,6.65,6.65,4.27,0.65,4.57,6.56,6.72,7.89,4.25,7.83,2.85,2.85,4.3,5.64,11.69,9.66,BOW ACO  370 CC164,39.95958,-1.5727799999999998,GiC,0.2251,C,2019MNRAS.485.3738L,0.09986424802424472,SIMBAD
370,1233,39.9597478,-1.5733986,0.3802,abell370,0.375,1.01,1.02,22,1.01,1.02,1.02,1.02,1.02,2.03,1.02,1.02,1.01,1.34,1.16,1.02,1.03,1.03,1.15,1.02,1.01,1.01,1.01,1.02,1.02,1.02,DES J023950.33-013424.2,39.9597497,-1.5734081,GiC,0.3766,C,2019MNRAS.485.3738L,0.03487678780254413,SIMBAD
373,1238,39.9814498,-1.5719187,0.7525,abell370,0.375,1.77,2.665,22,1.77,2.55,2.55,2.53,2.96,2.64,4.12,4.12,3.78,2.67,3.12,2.1,2.4,2.57,2.9,4.4,2.96,2.96,3.01,2.5,2.66,2.47,[LRB2019] 10223,39.98143000000001,-1.57191,G,0.7243,C,2019MNRAS.485.3738L,0.07783288180519483,SIMBAD
374,1240,39.9847035,-1.5724523,1.0964,abell370,0.375,1.58,2.75,22,1.58,2.75,2.75,2.75,2.69,2.99,4.06,4.06,4.75,2.75,2.56,2.61,2.41,2.57,2.85,5.5,4.13,4.13,3.97,2.04,2.68,2.5,[BHF2019] A370   2810,39.9847,-1.57245,G,1.3635,D,2021A&A...646A..83R,0.01507311689192026,SIMBAD
382,1257,39.9902323,-1.569986,0.4175,abell370,0.375,1.04,1.07,22,1.04,1.09,1.09,1.09,1.07,11.49,1.04,1.04,1.05,3.35,2.15,1.08,1.07,1.08,1.08,1.05,1.04,1.04,1.04,1.02,1.08,1.07,[LRB2019] 11336,39.99023,-1.5699800000000002,G,0.3688,C,2019MNRAS.485.3738L,0.023131513939230536,SIMBAD
386,1264,39.9865434,-1.5728234,1.3492,abell370,0.375,1.53,2.67,22,1.53,2.66,2.66,2.68,2.62,2.46,3.78,3.78,4.51,2.77,2.48,1.86,2.36,2.5,2.76,10.28,2.76,2.76,3.37,1.85,2.89,2.44,[LRB2019] 10102,39.98655,-1.5727799999999998,G,1.061,D,2021A&A...646A..83R,0.15803496419755933,SIMBAD
388,1267,39.9743256,-1.573248,0.4263,abell370,0.375,1.27,1.41,22,1.27,1.41,1.41,1.41,1.67,19.34,1.36,1.36,1.4,0.71,1.03,1.24,1.55,1.61,27.78,1.32,1.4,1.4,1.43,1.47,1.48,1.52,BOW ACO  370 CC219,39.9743281,-1.5732487000000002,GiC,0.3682,C,2019MNRAS.485.3738L,0.00934287667121629,SIMBAD
391,1273,39.9780302,-1.5732617,0.4746,abell370,0.375,1.31,1.54,22,1.31,1.54,1.54,1.54,1.92,4.6,1.46,1.46,1.48,2.84,1.78,1.47,1.54,1.59,7.3,1.39,1.48,1.48,1.48,1.67,1.66,1.59,[LRB2019] 10242,39.97803,-1.57326,G,0.3767,C,2019MNRAS.485.3738L,0.006162175690699927,SIMBAD
395,1281,39.9783712,-1.5743667,0.4209,abell370,0.375,1.13,1.25,22,1.13,1.24,1.24,1.24,1.39,2.77,1.21,1.21,1.22,2.38,3.31,1.17,1.35,1.38,13.93,1.15,1.22,1.22,1.26,1.32,1.31,1.26,[LRB2019] 9919,39.978375,-1.5743572,G,0.3675,C,2019MNRAS.485.3738L,0.03683260970635688,SIMBAD
399,1293,39.9580601,-1.5736331,1.0629,abell370,0.375,1.61,2.535,22,1.61,2.73,2.73,2.73,2.64,1.96,2.59,2.59,2.19,2.38,2.06,3.21,2.7,2.84,2.26,2.48,1.74,1.74,2.01,2.17,3.26,2.96,[BHF2019] A370   2518,39.9581,-1.5736,G,1.083,E,2021MNRAS.501.1028Y,0.1865904492655736,SIMBAD
400,1295,39.9580326,-1.5738615,1.0763,abell370,0.375,1.63,2.53,22,1.63,2.75,2.75,2.75,2.66,1.95,2.53,2.53,2.2,2.39,2.06,3.24,2.72,2.86,11.57,2.4,1.75,1.75,1.99,2.17,3.31,2.97,[BHF2019] A370   2579,39.95801,-1.57388,G,1.0502,C,2019MNRAS.485.3738L,0.10511905676640963,SIMBAD
402,1297,39.9727006,-1.5731666,0.7361,abell370,0.375,6.17,15.85,22,6.17,19.46,19.46,19.44,12.26,11.64,20.85,20.85,35.07,8.65,7.78,2.71,24.67,40.18,9.54,17.61,15.85,15.85,12.01,11.79,14.34,1604.63,[LRB2019] 9736,39.9727,-1.57316,EmG,0.3774,D,2021A&A...646A..83R,0.023857906101465542,SIMBAD
406,1308,39.9537826,-1.5734133,0.9518,abell370,0.375,1.47,1.8,19,1.47,2.16,2.16,2.16,1.8,1.44,1.68,1.68,1.6,1.94,1.62,1.95,1.86,1.92,1.63,1.5,,,,1.29,2.62,1.94,[LKL2020] A370 UDG-C05,39.9538,-1.57342,LSB,1.0329,D,2021A&A...646A..83R,0.06710130953008339,SIMBAD
408,1312,39.9643736,-1.5733876,0.464,abell370,0.375,1.38,1.55,22,1.38,1.55,1.55,1.54,1.58,1.47,1.49,1.49,1.5,1.43,0.72,1.39,1.57,1.59,1.45,1.57,1.58,1.58,1.59,1.63,1.68,1.59,[LRB2019] 9638,39.964373,-1.5734012000000002,G,0.366,C,2019MNRAS.485.3738L,0.04900758801141436,SIMBAD
410,1314,39.9923334,-1.5734853,0.9059,abell370,0.375,1.21,1.37,17,1.21,1.7,1.7,1.71,1.53,1.35,1.21,1.21,1.24,,1.54,1.37,1.52,1.56,1.61,,1.22,1.22,1.21,,,,ALMA J023958.1-013424,39.99233333333332,-1.573527777777778,G,1.256,D,2022ApJ...939....5C,0.15292018819395256,SIMBAD
414,1318,39.9732597,-1.5735663,0.5357,abell370,0.375,2.08,3.04,22,2.08,3.1,3.1,3.1,3.03,2.85,3.05,3.05,3.31,2.78,2.61,1.79,3.33,3.65,2.79,2.7,2.99,2.99,3.13,3.02,3.18,4.33,[LRB2019] 9627,39.97326,-1.57357,G,0.3775,C,2019MNRAS.485.3738L,0.013363679151072788,SIMBAD
424,1338,39.9866111,-1.5744426,0.5027,abell370,0.375,1.13,1.34,22,1.13,1.33,1.33,1.33,1.34,1.33,1.47,1.47,1.48,3.38,1.34,1.22,1.29,1.3,1.37,1.53,1.4,1.4,1.45,1.19,1.36,1.29,[LRB2019] 9534,39.98656,-1.5744400000000005,G,0.4219,C,2019MNRAS.485.3738L,0.184128606932532,SIMBAD
432,1374,39.953147,-1.5739702,0.5015,abell370,0.375,1.15,1.22,19,1.15,1.32,1.32,1.3,1.22,1.14,1.17,1.17,1.17,1.28,1.21,1.27,1.25,1.26,1.2,1.14,,,,1.08,1.45,1.26,[LRB2019] 9618,39.95315999999999,-1.5739899999999998,G,0.5769,C,2019MNRAS.485.3738L,0.08526092843807728,SIMBAD
438,1383,39.9540615,-1.5743344,1.0226,abell370,0.375,1.47,1.88,19,1.47,2.29,2.29,2.19,1.88,1.5,1.67,1.67,1.67,2.14,1.73,2.07,1.99,2.05,1.75,1.49,,,,1.36,3.0,2.06,[LRB2019] 9520,39.95401,-1.57446,G,1.0331,C,2019MNRAS.485.3738L,0.48866745157263114,SIMBAD
440,1385,39.9735666,-1.5743262,0.5145,abell370,0.375,1.97,2.6,22,1.97,2.6,2.6,2.6,2.6,4.92,2.58,2.58,2.7,0.59,0.83,1.67,2.8,2.96,49.79,2.17,2.52,2.52,2.73,2.7,2.78,3.15,[LRB2019] 9705,39.97356,-1.574325,G,0.3726,C,2019MNRAS.485.3738L,0.024140710102074445,SIMBAD
442,1391,39.960543,-1.5740923,2.6644,abell370,0.375,3.37,6.41,22,3.37,8.94,8.94,9.08,7.86,4.38,6.41,6.41,6.03,5.4,4.46,6.29,8.86,11.02,4.54,6.93,3.44,3.44,4.62,9.31,29.48,14.6,[DSB2018] A370 11.2.1,39.960762,-1.574159,LeG,4.667,D,2017MNRAS.469.3946L,0.8238708188754238,SIMBAD
443,1397,39.9718281,-1.5747669,0.3831,abell370,0.375,1.06,1.07,22,1.06,1.07,1.07,1.07,1.09,1.38,1.07,1.07,1.08,1.18,1.23,1.04,1.09,1.09,1.13,1.07,1.07,1.07,1.07,1.07,1.07,1.09,[LRB2019] 9753,39.971815,-1.5747844,G,0.3681,C,2019MNRAS.485.3738L,0.07868536017986144,SIMBAD
445,1403,39.954676,-1.5744923,0.8178,abell370,0.375,1.39,1.73,19,1.39,2.02,2.02,1.99,1.73,1.44,1.6,1.6,1.55,1.87,1.6,1.82,1.81,1.85,1.61,1.44,,,,1.34,2.42,1.86,[LRB2019] 9348,39.95468,-1.5745,G,0.7371,D,2021A&A...646A..83R,0.031234625821182423,SIMBAD
449,1413,39.9704995,-1.5748841,0.4228,abell370,0.375,1.48,1.54,22,1.48,1.54,1.54,1.54,1.91,15.0,1.58,1.58,1.57,1.37,1.65,1.24,1.69,1.71,5.13,1.48,1.44,1.44,1.49,1.53,1.54,1.64,[LRB2019] 9617,39.970497,-1.574878,G,0.3702,C,2019MNRAS.485.3738L,0.023731422581425306,SIMBAD
450,1417,39.9748018,-1.5749198,0.4617,abell370,0.375,1.39,1.72,22,1.39,1.72,1.72,1.72,1.75,4.66,1.67,1.67,1.7,2.16,0.3,1.45,1.77,1.81,7.06,1.46,1.64,1.64,1.71,1.82,1.83,1.8,[LRB2019] 9510,39.974799,-1.5749206,G,0.3833,C,2019MNRAS.485.3738L,0.010479697008940645,SIMBAD
451,1423,39.9831442,-1.5749372,0.4631,abell370,0.375,1.15,1.315,22,1.15,1.3,1.3,1.3,1.34,1.41,1.41,1.41,1.41,1.33,7.67,1.27,1.28,1.29,1.35,1.21,1.44,1.44,1.44,1.26,1.3,1.28,[LRB2019] 9229,39.98314,-1.5749300000000002,G,0.368051,D,2021A&A...646A..83R,0.03000480140614851,SIMBAD
452,1426,39.9649743,-1.5756056,0.3866,abell370,0.375,1.05,1.07,22,1.05,1.07,1.07,1.07,1.14,3.34,1.07,1.07,1.07,0.78,1.77,1.06,1.1,1.1,1.5,1.06,1.06,1.06,1.07,1.09,1.09,1.08,BOW ACO  370 CC124,39.9649277,-1.5756163,GiC,0.3661,C,2019MNRAS.485.3738L,0.1720637397341982,SIMBAD
453,1427,39.9653382,-1.5760163,0.3997,abell370,0.375,1.11,1.16,22,1.11,1.16,1.16,1.16,1.3,3.09,1.15,1.15,1.15,0.98,7.68,1.14,1.23,1.24,2.95,1.12,1.14,1.14,1.15,1.2,1.21,1.18,[LRB2019] 9084,39.965344,-1.5760183,G,0.3711,C,2019MNRAS.485.3738L,0.022079053822268956,SIMBAD
456,1438,39.9784105,-1.5654552,1.9285,abell370,0.375,7.6,10.36,22,7.6,12.83,12.83,13.55,112.02,7.27,16.9,16.9,22.75,8.03,9.15,3.62,8.16,11.08,9.64,20.55,34.06,34.06,9.4,4.91,8.53,9.36,[LRB2019] 12195,39.97841,-1.5652199999999998,G,0.8406,C,2019MNRAS.485.3738L,0.8467219118360332,SIMBAD
457,1444,39.9889419,-1.5761467,1.2197,abell370,0.375,1.34,1.995,22,1.34,2.25,2.25,2.27,2.08,1.91,1.99,1.99,2.0,2.41,2.09,2.58,1.96,2.03,2.23,1.88,1.81,1.81,1.76,1.48,2.49,1.97,[LRB2019] 8762,39.98893,-1.5761500000000004,G,1.2036,C,2019MNRAS.485.3738L,0.04444110173431996,SIMBAD
460,1449,39.9587393,-1.5758628,1.2428,abell370,0.375,1.94,2.61,22,1.94,3.22,3.22,3.2,3.11,2.15,2.58,2.58,2.64,2.61,2.23,3.41,3.23,3.42,2.35,2.33,2.09,2.09,2.17,2.61,4.25,3.55,[BHF2019] A370   2427,39.958740000000006,-1.57587,G,1.3617,C,2019MNRAS.485.3738L,0.026042119680624646,SIMBAD
461,1451,39.9592116,-1.5752372,3.1646,abell370,0.375,2.88,4.57,22,2.88,5.92,5.92,5.95,5.99,3.09,4.39,4.39,4.75,4.15,3.19,6.78,6.14,7.08,3.52,4.17,2.94,2.94,3.14,4.92,14.36,8.2,[LRB2019] 8864,39.959208333333336,-1.575416666666667,EmG,3.4809,C,2019MNRAS.485.3738L,0.6461869384958757,SIMBAD
462,1453,39.9743966,-1.5752782,0.4031,abell370,0.375,1.13,1.21,22,1.13,1.21,1.21,1.21,1.22,1.2,1.21,1.21,1.21,1.21,1.2,1.13,1.22,1.23,1.21,1.15,1.19,1.19,1.21,1.22,1.23,1.22,[LRB2019] 8988,39.97439,-1.57528,G,0.3763,D,2021A&A...646A..83R,0.024619126061829075,SIMBAD
465,1468,39.9758854,-1.5759166,0.4107,abell370,0.375,1.13,1.23,22,1.13,1.23,1.23,1.23,1.36,8.15,1.22,1.22,1.22,3.3,1.01,1.17,1.24,1.25,1.84,1.16,1.19,1.19,1.19,1.28,1.28,1.25,[LRB2019] 9194,39.975885,-1.5759172,G,0.3678,C,2019MNRAS.485.3738L,0.002595694843121496,SIMBAD
466,1469,39.9762908,-1.5760234,0.8945,abell370,0.375,2.43,7.555,22,2.43,7.57,7.57,7.54,17.33,6.27,6.68,6.68,6.49,13.14,10.11,4.12,8.64,9.46,9.0,3.71,5.28,5.28,4.95,12.17,12.34,7.78,[DSB2018] A370  1.1.1,39.97629166666667,-1.5760416666666668,LeG,0.8041,C,2019MNRAS.485.3738L,0.06583391706729687,SIMBAD
469,1478,39.98916,-1.56952,0.4113,abell370,0.375,1.04,1.07,22,1.04,1.08,1.08,1.08,1.07,1.05,1.05,1.05,1.05,1.08,1.07,1.07,1.07,1.07,1.08,1.05,1.05,1.05,1.04,1.02,1.09,1.07,[LRB2019] 10878,39.98915,-1.56952,G,0.3801,C,2019MNRAS.485.3738L,0.03598649376674559,SIMBAD
471,1482,39.9689423,-1.5758079,0.9627,abell370,0.375,1.93,9.95,22,1.93,13.1,13.1,13.18,12.81,7.95,10.21,10.21,10.38,4.08,4.6,7.58,15.46,18.25,6.12,4.91,6.15,6.15,4.82,9.69,11.15,13.53,[DSB2018] A370 24.2.1,39.96893333333333,-1.5758055555555557,LeI,0.372559,D,2021A&A...646A..83R,0.033353320903015876,SIMBAD
472,1484,39.9710817,-1.5761245,0.9887,abell370,0.375,2.11,6.645,22,2.11,7.9,7.9,7.91,8.56,5.55,6.79,6.79,6.25,7.31,5.58,6.5,9.31,10.16,4.79,3.31,3.76,3.76,4.55,10.72,11.93,6.16,[DSB2018] A370 24,39.97083333333333,-1.5760555555555555,LeG,1.49,D,2018MNRAS.473.4279D,0.9276039200075216,SIMBAD
474,1491,39.9694941,-1.5762448,1.2176,abell370,0.375,1.53,7.175,22,1.53,7.69,7.69,7.72,6.94,4.64,7.6,7.6,7.0,3.44,3.43,9.56,10.05,11.78,3.4,2.46,3.48,3.48,3.18,7.35,8.9,8.01,[DSB2018] A370  9.2.1,39.96948333333333,-1.5762666666666665,LeG,1.5182,C,2019MNRAS.485.3738L,0.08773847073971587,SIMBAD
477,1501,39.9562305,-1.5760932,0.9545,abell370,0.375,1.58,1.8,22,1.58,2.3,2.3,2.31,2.06,1.61,1.8,1.8,1.75,2.01,1.8,2.33,2.15,2.22,1.78,1.56,1.54,1.54,1.64,1.61,2.82,2.24,[LRB2019] 8817,39.95623,-1.5760899999999998,G,1.034,C,2019MNRAS.485.3738L,0.011659671905362736,SIMBAD
478,1502,39.9515368,-1.576445,1.1693,abell370,0.375,2.17,1.91,17,,2.17,2.17,2.07,1.73,1.45,1.31,1.31,1.46,2.08,1.87,1.99,1.9,1.95,13.79,,,,,1.3,5.09,1.91,[LRB2019] 9197,39.95153,-1.57641,G,1.1951,C,2019MNRAS.485.3738L,0.12835426311470868,SIMBAD
479,1505,39.9707268,-1.5762041,1.6693,abell370,0.375,1.18,6.359999999999999,22,1.18,6.47,6.47,6.48,6.58,4.03,7.61,7.61,6.25,4.54,4.26,16.87,11.22,13.96,2.92,1.87,2.4,2.4,2.91,8.08,10.93,6.19,[JSB2014] A370 4.2,39.97074,-1.57616,LeG,1.2732,C,2019MNRAS.485.3738L,0.1657141500154163,SIMBAD
480,1508,39.9701784,-1.5763089,0.3838,abell370,0.375,1.06,1.08,22,1.06,1.08,1.08,1.08,1.08,1.08,1.08,1.08,1.08,1.36,1.34,1.05,1.08,1.08,1.17,1.06,1.07,1.07,1.07,1.08,1.08,1.09,[LRB2019] 8872,39.970183,-1.5763142,G,0.3797,C,2019MNRAS.485.3738L,0.02526009668300425,SIMBAD
481,1512,39.9796247,-1.5763135,1.4123,abell370,0.375,2.12,6.645,22,2.12,6.55,6.55,6.53,8.39,5.0,7.77,7.77,7.08,6.96,6.78,3.56,6.74,7.4,7.5,2.43,3.83,3.83,5.29,9.01,9.49,6.52,[KIS2018] A370 4.1,39.97960400000001,-1.576245,LeI,1.273,C,2018ApJ...855....4K,0.2576054898203819,SIMBAD
484,1520,39.9751507,-1.5768705,0.3873,abell370,0.375,1.05,1.09,22,1.05,1.09,1.09,1.09,1.13,1.66,1.08,1.08,1.08,4.24,6.75,1.06,1.11,1.11,1.41,1.07,1.07,1.07,1.07,1.1,1.1,1.09,BOW ACO  370 CC133,39.975144,-1.5768716,GiC,0.3766,C,2019MNRAS.485.3738L,0.024433899672829388,SIMBAD
485,1525,39.9864843,-1.5763631,0.7248,abell370,0.375,1.27,1.86,22,1.27,1.81,1.81,1.81,1.87,1.91,2.09,2.09,2.06,1.95,1.85,1.84,1.71,1.75,1.95,1.56,1.9,1.9,1.9,1.47,1.9,1.7,[SLM2018] A370-clu  3328,39.98648719999999,-1.5763633,EmG,0.43,E,2021MNRAS.508.3860G,0.010460856438585511,SIMBAD
487,1528,39.9836158,-1.5675634,1.6084,abell370,0.375,2.93,3.365,22,2.93,3.38,3.38,3.48,3.81,2.96,3.45,3.45,3.39,3.35,3.48,2.4,3.04,3.4,3.64,2.74,2.37,2.37,2.26,2.2,3.35,3.52,[RCL2021] A370 11500,39.98367,-1.5676000000000003,EmG,4.49671,D,2021A&A...646A..83R,0.23538058717658097,SIMBAD
488,1530,39.9662527,-1.5765023,0.4907,abell370,0.375,1.61,1.93,22,1.61,1.93,1.93,1.93,2.02,1.88,2.12,2.12,2.09,1.83,1.73,1.77,2.03,2.07,1.81,1.67,1.81,1.81,1.76,2.13,2.21,2.07,[DSB2018] A370 24.3.1,39.966254166666666,-1.5765138888888888,LeI,0.3761,C,2019MNRAS.485.3738L,0.042052534987456536,SIMBAD
489,1535,39.9858672,-1.5766885,0.8023,abell370,0.375,1.43,2.1500000000000004,22,1.43,1.99,1.99,1.98,2.2,2.34,2.36,2.36,2.32,2.25,5.12,1.99,1.91,1.96,2.27,1.57,2.28,2.28,2.21,1.63,2.1,1.88,[LRB2019] 8618,39.98584000000001,-1.5766700000000002,EmG,0.3774,C,2019MNRAS.485.3738L,0.11839183852771545,SIMBAD
492,1540,39.9685469,-1.5766176,0.8953,abell370,0.375,4.74,11.899999999999999,22,4.74,20.37,20.37,20.56,10.43,8.81,13.37,13.37,14.19,6.06,5.29,6.46,18.25,19.6,7.88,5.62,8.15,8.15,6.42,14.86,16.2,15.91,[DSB2018] A370  1.3.1,39.96857,-1.57661,LeG,0.8041,C,2019MNRAS.485.3738L,0.08751525640167254,SIMBAD
493,1541,39.9671613,-1.5768745,0.8965,abell370,0.375,18.83,35.235,22,18.83,19.44,19.44,19.4,32.06,26.03,59.41,59.41,42.78,25.07,21.73,6.62,38.41,44.35,20.64,53.72,43.55,43.55,22.83,108.71,451.82,47.29,[DSB2018] A370  1.2.1,39.967083333333335,-1.5769055555555556,LeG,0.8041,C,2019MNRAS.485.3738L,0.30202788630313215,SIMBAD
495,1544,39.9594876,-1.5770307,1.0635,abell370,0.375,1.75,2.5549999999999997,22,1.75,2.9,2.9,2.91,2.97,2.11,2.5,2.5,2.63,2.45,2.16,3.07,3.08,3.23,2.28,2.15,2.19,2.19,2.12,2.61,3.79,3.31,[BHF2019] A370   2213,39.95949,-1.57704,G,1.0837,C,2019MNRAS.485.3738L,0.03457605327470383,SIMBAD
496,1551,39.9694338,-1.577201,0.957,abell370,0.375,3.25,7.16,22,3.25,8.65,8.65,8.69,7.13,5.52,8.09,8.09,7.68,4.75,4.87,4.76,9.64,10.13,4.22,3.14,4.97,4.97,4.85,10.26,11.33,7.19,[DSB2018] A370  6.1.1,39.969425,-1.5772055555555555,LeG,1.0626,C,2019MNRAS.485.3738L,0.03566261472611134,SIMBAD
499,1557,39.9731431,-1.5768885,0.4019,abell370,0.375,1.14,1.24,22,1.14,1.23,1.23,1.23,1.34,12.36,1.24,1.24,1.24,12.08,11.36,1.12,1.29,1.29,2.4,1.19,1.21,1.21,1.22,1.25,1.26,1.24,BOW ACO  370 CC238,39.973141,-1.5768829,GiC,0.3722,C,2019MNRAS.485.3738L,0.021529884346413057,SIMBAD
501,1561,39.9826633,-1.5769204,1.5274,abell370,0.375,1.84,4.175,22,1.84,4.17,4.17,4.18,4.95,4.78,6.14,6.14,5.63,4.48,4.2,3.48,3.97,4.21,5.05,2.0,3.1,3.1,3.74,3.87,4.59,3.88,[LRB2019] 8524,39.98266,-1.5769099999999998,G,1.276,C,2019MNRAS.485.3738L,0.03927825250854567,SIMBAD
503,1563,39.9795918,-1.5771102,1.0553,abell370,0.375,1.86,4.67,22,1.86,4.67,4.67,4.66,5.48,3.68,5.12,5.12,4.75,4.71,4.79,3.07,4.67,4.89,5.27,2.2,2.66,2.66,3.21,5.55,5.7,4.37,[BHF2019] A370   2330,39.979645833333336,-1.5770916666666668,LeG,1.0632,C,2019MNRAS.485.3738L,0.2055746281085135,SIMBAD
507,1577,39.9680783,-1.5771627,0.3929,abell370,0.375,1.11,1.14,22,1.11,1.14,1.14,1.14,1.15,1.14,1.16,1.16,1.15,1.19,1.14,1.09,1.15,1.15,1.13,1.12,1.13,1.13,1.14,1.15,1.16,1.16,[LRB2019] 8399,39.96808000000001,-1.57716,G,0.3831,C,2019MNRAS.485.3738L,0.01148496528475865,SIMBAD
508,1579,39.9679275,-1.5773154,1.3774,abell370,0.375,4.61,11.350000000000001,22,4.61,15.45,15.45,15.47,10.8,8.12,11.9,11.9,11.91,7.51,4.58,9.92,15.92,18.64,6.18,3.26,5.69,5.69,5.38,13.19,16.14,17.49,[LRB2019] 8399,39.96808000000001,-1.57716,G,0.3831,C,2019MNRAS.485.3738L,0.7836745322901555,SIMBAD
509,1583,39.9738937,-1.5764174,0.4336,abell370,0.375,1.3,1.51,22,1.3,1.51,1.51,1.51,1.53,74.27,1.51,1.51,1.51,0.78,286.52,1.28,1.55,1.56,2.93,1.39,1.48,1.48,1.5,1.56,1.57,1.53,[LRB2019] 8933,39.973889,-1.5764247999999998,G,0.373,C,2019MNRAS.485.3738L,0.031555654548205386,SIMBAD
519,1611,39.9865581,-1.5775905,2.7881,abell370,0.375,1.97,3.5599999999999996,22,1.97,3.57,3.57,3.55,3.78,4.12,4.25,4.25,3.98,3.98,3.45,3.57,3.15,3.33,4.19,1.95,3.21,3.21,3.06,2.23,3.89,3.06,[DSB2018] A370  7.5.1,39.986554166666664,-1.5775805555555555,LeG,2.751,C,2018ApJ...855....4K,0.03849667038457106,SIMBAD
520,1612,39.9535276,-1.5775701,1.2047,abell370,0.375,1.41,1.93,19,1.41,2.29,2.29,2.34,1.93,1.47,1.48,1.48,1.51,2.13,1.87,2.1,2.06,2.12,1.76,1.36,,,,1.29,3.53,2.09,[LRB2019] 8214,39.95352,-1.5775799999999998,G,1.1938,C,2019MNRAS.485.3738L,0.04492451271369421,SIMBAD
526,1624,39.9619294,-1.5778851,1.32,abell370,0.375,2.73,4.23,22,2.73,5.04,5.04,5.07,5.28,3.29,4.23,4.23,5.14,3.74,3.06,3.25,5.62,6.09,3.54,3.2,3.52,3.52,3.0,5.76,8.57,6.37,[JSB2014] A370 4.3,39.96191,-1.57785,LeG,1.273,C,2019MNRAS.485.3738L,0.14436335048994903,SIMBAD
528,1636,39.983784,-1.5779356,1.3761,abell370,0.375,1.8,3.34,22,1.8,3.69,3.69,3.69,3.48,3.8,4.21,4.21,3.97,3.47,3.15,3.39,3.1,3.21,3.97,1.9,3.29,3.29,3.28,2.52,3.18,3.02,[LRB2019] 8159,39.98378,-1.5779300000000005,G,1.1105,C,2019MNRAS.485.3738L,0.02477152327659616,SIMBAD
532,1654,39.9722969,-1.5782276,0.4378,abell370,0.375,1.48,1.68,22,1.48,1.68,1.68,1.68,1.71,1.73,1.73,1.73,1.73,1.8,1.69,1.33,1.72,1.71,1.62,1.6,1.66,1.66,1.66,1.66,1.67,1.66,[DSB2018] A370 10.2.1,39.972309,-1.578091,EmG,3.12977,C,2021A&A...646A..83R,0.4936840406541421,SIMBAD
534,1656,39.9643294,-1.5782451,1.0318,abell370,0.375,3.29,5.83,22,3.29,5.84,5.84,5.84,7.05,4.65,5.82,5.82,6.57,4.87,3.78,9.54,7.42,7.99,4.74,3.47,4.2,4.2,3.71,10.14,13.14,8.13,[BHF2019] A370   2215,39.964375,-1.5782,LeG,1.0633,C,2019MNRAS.485.3738L,0.23084374270119132,SIMBAD
535,1657,39.9725043,-1.5780929,0.4613,abell370,0.375,1.67,1.98,22,1.67,1.98,1.98,1.98,2.04,2.1,2.09,2.09,2.09,2.1,2.02,1.46,2.09,2.06,1.91,1.86,1.95,1.95,1.96,1.98,2.01,1.97,[DSB2018] A370 10.2.1,39.972309,-1.578091,EmG,3.12977,C,2021A&A...646A..83R,0.7028466183248615,SIMBAD
538,1666,39.9817241,-1.5786057,0.4232,abell370,0.375,1.08,1.19,22,1.08,1.2,1.2,1.2,1.32,21.57,1.19,1.19,1.19,32.52,0.37,1.16,1.25,1.25,5.13,1.12,1.17,1.17,1.17,1.19,1.2,1.19,BOW ACO  370 CC311,39.98172,-1.5786000000000002,GiC,0.378,C,2019MNRAS.485.3738L,0.025273754475629486,SIMBAD
539,1667,39.9809037,-1.5794344,0.425,abell370,0.375,1.09,1.19,22,1.09,1.19,1.19,1.19,1.39,2.78,1.2,1.2,1.19,0.42,0.1,1.17,1.31,1.32,13.31,1.16,1.22,1.22,1.21,1.18,1.19,1.18,BOW ACO  370 CC161,39.9809,-1.57943,GiC,0.364,C,2019MNRAS.485.3738L,0.020692829938368823,SIMBAD
544,1675,39.9631049,-1.5789163,0.3836,abell370,0.375,1.03,1.04,22,1.03,1.04,1.04,1.04,1.04,1.03,1.04,1.04,1.04,1.22,1.3,1.04,1.04,1.04,1.07,1.03,1.03,1.03,1.03,1.04,1.05,1.04,[LRB2019] 8089,39.96311564,-1.57902294,G,0.384,C,2019MNRAS.485.3738L,0.3858445944758508,SIMBAD
554,1696,39.9569683,-1.5797869,0.4027,abell370,0.375,1.04,1.0750000000000002,22,1.04,1.08,1.08,1.08,1.07,74.91,1.05,1.05,1.04,8.03,2.45,1.08,1.09,1.1,1.92,1.04,1.04,1.04,1.04,1.04,1.08,1.07,[LRB2019] 7791,39.95697,-1.5797899999999998,G,0.375,C,2019MNRAS.485.3738L,0.012726803709817585,SIMBAD
557,1701,39.9732306,-1.5803211,0.5267,abell370,0.375,1.74,3.33,22,1.74,3.38,3.38,3.38,3.29,3.59,3.76,3.76,3.9,2.96,3.22,1.7,3.37,3.18,3.07,3.25,3.47,3.47,3.56,3.02,3.11,2.85,[LRB2019] 7363,39.97323000000001,-1.58033,EmG,0.3698,D,2021A&A...646A..83R,0.03211267119827578,SIMBAD
558,1703,39.9694619,-1.5806069,0.3802,abell370,0.375,1.03,1.05,22,1.03,1.05,1.05,1.05,1.05,1.05,1.05,1.05,1.05,1.05,1.04,1.03,1.05,1.05,1.06,1.06,1.05,1.05,1.05,1.04,1.04,1.05,[LRB2019] 7237,39.96945,-1.58061,G,0.3794,C,2019MNRAS.485.3738L,0.04425398124637725,SIMBAD
559,1704,39.9695682,-1.5664519,0.582,abell370,0.375,2.78,2.465,22,2.78,3.0,3.0,2.97,2.77,2.2,2.3,2.3,2.3,2.39,2.11,1.69,2.77,2.71,2.23,2.56,2.01,2.01,1.94,2.59,3.11,2.54,[DSB2018] A370 12.2.1,39.96959583333334,-1.566625,EmG,3.4809,C,2019MNRAS.485.3738L,0.6310445784149934,SIMBAD
560,1705,39.9700535,-1.5807075,0.4955,abell370,0.375,2.39,3.3499999999999996,22,2.39,3.3,3.3,3.3,3.75,3.6,3.27,3.27,3.4,3.69,3.81,1.78,3.22,3.3,5.84,5.7,3.63,3.63,3.79,2.86,2.93,5.26,[LRB2019] 7414,39.970141,-1.580756,EmG,0.3607,C,2019MNRAS.485.3738L,0.36004812720621776,SIMBAD
561,1706,39.9778422,-1.5792402,0.4086,abell370,0.375,1.11,1.18,22,1.11,1.17,1.17,1.17,1.19,1.16,1.18,1.18,1.17,1.17,1.18,1.14,1.18,1.18,1.18,1.18,1.2,1.2,1.19,1.19,1.19,1.16,[LRB2019] 7799,39.97784,-1.5792400000000002,G,0.384,C,2019MNRAS.485.3738L,0.007949663998254908,SIMBAD
563,1709,39.9693736,-1.5666868,0.506,abell370,0.375,1.97,1.83,22,1.97,2.05,2.05,2.03,1.97,1.71,1.75,1.75,1.75,1.79,1.65,1.52,1.98,1.95,1.71,1.87,1.58,1.58,1.56,1.88,2.11,1.88,[DSB2018] A370 12.2.1,39.96959583333334,-1.566625,EmG,3.4809,C,2019MNRAS.485.3738L,0.8301101875233757,SIMBAD
565,1711,39.9840092,-1.5792673,0.9911,abell370,0.375,1.71,2.535,22,1.71,2.54,2.54,2.55,2.53,2.6,2.56,2.56,2.53,2.6,2.41,2.7,2.41,2.45,2.93,1.85,2.67,2.67,2.43,1.93,2.36,2.35,[LRB2019] 7643,39.98402000000001,-1.57926,G,1.034,C,2019MNRAS.485.3738L,0.046916357814664404,SIMBAD
568,1717,39.9522546,-1.5797525,1.053,abell370,0.375,2.19,1.7149999999999999,18,,2.19,2.19,2.21,1.68,1.36,1.24,1.24,1.21,1.75,1.59,1.97,1.78,1.81,1.53,1.23,,,,1.12,2.72,1.81,[LRB2019] 8115,39.95223,-1.5797200000000002,G,1.0347,C,2019MNRAS.485.3738L,0.14671711902210724,SIMBAD
571,1724,39.9849247,-1.5790408,0.7703,abell370,0.375,1.46,1.93,22,1.46,2.0,2.0,2.01,1.95,2.11,2.0,2.0,1.99,2.04,1.89,2.18,1.88,1.91,2.19,1.51,1.9,1.9,1.82,1.55,1.9,1.86,[LBL2018] A370 cluster  2,39.985137,-1.5790966,EmG,5.64793,C,2021A&A...646A..83R,0.789957678218928,SIMBAD
576,1736,39.9852321,-1.579664,0.6825,abell370,0.375,1.42,1.71,22,1.42,1.77,1.77,1.77,1.73,1.82,1.71,1.71,1.71,1.81,1.7,1.76,1.69,1.71,1.92,1.45,1.64,1.64,1.6,1.4,1.69,1.67,[LRB2019] 7689,39.985229999999994,-1.57966,G,0.6814,C,2019MNRAS.485.3738L,0.01626253877719153,SIMBAD
577,1737,39.9854687,-1.5795182,1.1731,abell370,0.375,1.75,2.4050000000000002,22,1.75,2.56,2.56,2.56,2.49,2.7,2.4,2.4,2.41,2.66,2.36,2.53,2.38,2.43,2.95,1.75,2.17,2.17,2.13,1.74,2.44,2.34,[LRB2019] 7689,39.985229999999994,-1.57966,G,0.6814,C,2019MNRAS.485.3738L,0.9992294979412996,SIMBAD
579,1739,39.9759549,-1.5797257,0.5472,abell370,0.375,1.55,2.415,22,1.55,2.38,2.38,2.38,2.46,2.32,2.7,2.7,2.61,2.24,2.18,1.87,2.45,2.38,2.31,2.69,2.64,2.64,2.67,2.54,2.59,2.2,[LRB2019] 7734,39.97595,-1.5797200000000002,G,0.3679,D,2021A&A...646A..83R,0.027055563475198975,SIMBAD
582,1742,39.9832531,-1.5795727,5.2582,abell370,0.375,2.46,5.95,22,2.46,6.22,6.22,6.23,7.31,5.31,5.79,5.79,5.62,6.18,5.86,5.86,6.04,6.25,9.13,3.54,7.08,7.08,6.12,4.05,5.85,5.5,[KIS2018] A370 42.1,39.98326999999999,-1.5795799999999998,EmG,4.337,D,2021A&A...646A..83R,0.06625202955087542,SIMBAD
586,1752,39.9647826,-1.5801492,1.1096,abell370,0.375,3.8,14.004999999999999,22,3.8,7.92,7.92,7.9,18.66,4.71,7.97,7.97,7.9,152.14,8.29,13.5,17.25,19.67,73.57,9.33,17.82,17.82,17.3,25.13,30.75,14.51,[LRB2019] 7742,39.964628,-1.5802868,G,0.3842,C,2019MNRAS.485.3738L,0.7449194605010835,SIMBAD
587,1753,39.9646349,-1.5802814,0.3902,abell370,0.375,1.06,1.1,22,1.06,1.08,1.08,1.08,1.16,9.05,1.08,1.08,1.08,2.66,1.54,1.09,1.11,1.12,1.44,1.09,1.1,1.1,1.1,1.1,1.1,1.09,[LRB2019] 7742,39.964628,-1.5802868,G,0.3842,C,2019MNRAS.485.3738L,0.03153521738470797,SIMBAD
590,1760,39.9833476,-1.5806589,0.9138,abell370,0.375,2.05,2.43,22,2.05,2.51,2.51,2.51,2.47,2.33,2.25,2.25,2.25,2.51,2.37,2.52,2.37,2.39,2.86,2.47,2.66,2.66,2.47,1.87,2.22,2.29,[BHF2019] A370   1759,39.98334,-1.5806599999999995,G,1.0627,C,2019MNRAS.485.3738L,0.02763479007461495,SIMBAD
592,1762,39.9831092,-1.5814067,1.0742,abell370,0.375,2.18,2.7350000000000003,22,2.18,2.98,2.98,2.98,2.84,2.57,2.44,2.44,2.44,2.88,2.7,2.89,2.73,2.73,3.4,3.86,2.74,2.74,2.76,2.03,2.47,2.62,[LRB2019] 7326,39.9831,-1.58143,G,1.0615,C,2019MNRAS.485.3738L,0.09017734390373806,SIMBAD
594,1764,39.9615443,-1.5800241,2.746,abell370,0.375,2.67,5.859999999999999,22,2.67,7.56,7.56,7.02,9.33,4.36,5.57,5.57,6.04,5.71,4.78,4.35,9.48,10.64,5.31,6.01,4.32,4.32,4.42,7.83,15.68,12.82,[DSB2018] A370  7.1.1,39.96154166666666,-1.5800055555555557,LeG,2.751,C,2018ApJ...855....4K,0.06742921973969124,SIMBAD
595,1769,39.9743325,-1.5801348,0.4838,abell370,0.375,1.45,2.06,22,1.45,2.06,2.06,2.06,2.05,2.11,2.28,2.28,2.29,1.91,1.92,1.49,2.09,2.02,1.96,2.13,2.19,2.19,2.15,2.04,2.08,1.9,[LRB2019] 7307,39.9743241,-1.5801316,G,0.36,E,2019MNRAS.485.3738L,0.03234922972537258,SIMBAD
599,1775,39.9578671,-1.5800582,0.9048,abell370,0.375,1.54,1.885,22,1.54,2.35,2.35,2.34,2.13,1.69,1.77,1.77,1.6,1.95,1.91,2.43,2.27,2.32,1.86,1.52,1.52,1.52,1.61,1.63,2.29,2.29,[LRB2019] 7495,39.95787,-1.5800599999999998,G,1.0631,C,2019MNRAS.485.3738L,0.01228418213868321,SIMBAD
603,1782,39.955269,-1.5805654,0.399,abell370,0.375,1.03,1.07,19,1.03,1.07,1.07,1.07,1.05,2.74,1.03,1.03,1.02,1.7,2.04,1.06,1.09,1.09,1.41,1.02,,,,1.03,1.07,1.06,[LRB2019] 7642,39.95526999999999,-1.5805700000000005,G,0.3757,C,2019MNRAS.485.3738L,0.016946496389198467,SIMBAD
606,1789,39.971918,-1.579778,0.4097,abell370,0.375,1.33,1.38,22,1.33,1.37,1.37,1.37,1.39,12.71,1.38,1.38,1.39,1.42,1.88,1.19,1.38,1.37,1.38,1.38,1.45,1.45,1.46,1.35,1.35,1.36,[LRB2019] 8007,39.97187,-1.5797518,G,0.3807,C,2019MNRAS.485.3738L,0.1968080488310215,SIMBAD
614,1808,39.9609775,-1.5806574,0.4417,abell370,0.375,1.15,1.2349999999999999,22,1.15,1.25,1.25,1.24,1.24,5.55,1.21,1.21,1.21,1.35,0.65,1.22,1.25,1.25,2.03,1.22,1.19,1.19,1.19,1.23,1.28,1.26,[LRB2019] 7465,39.96098,-1.5806599999999995,G,0.3715,C,2019MNRAS.485.3738L,0.012982602515872223,SIMBAD
616,1811,39.9738393,-1.580873,0.3962,abell370,0.375,1.1,1.18,22,1.1,1.17,1.17,1.17,1.22,1.81,1.2,1.2,1.2,1.61,2.16,1.09,1.17,1.17,1.38,1.17,1.18,1.18,1.18,1.17,1.18,1.16,[LRB2019] 7561,39.973823,-1.5808796,G,0.3746,C,2019MNRAS.485.3738L,0.06328711780554662,SIMBAD
620,1815,39.9625685,-1.5804949,1.2986,abell370,0.375,2.64,5.0,22,2.64,4.7,4.7,4.71,6.69,4.0,5.0,5.0,5.13,5.08,4.51,5.48,6.25,6.57,4.56,7.47,4.52,4.52,4.94,6.01,8.57,7.48,[LRB2019] 7011,39.96244,-1.5807099999999998,EmG,6.2834,C,2021A&A...646A..83R,0.9019253583822603,SIMBAD
621,1816,39.9859972,-1.5805842,1.2289,abell370,0.375,2.06,2.3449999999999998,22,2.06,2.46,2.46,2.49,2.42,2.49,2.07,2.07,2.14,2.6,2.4,2.6,2.33,2.36,2.9,1.82,2.01,2.01,2.08,1.6,2.38,2.29,[LRB2019] 7248,39.986,-1.58058,G,1.2037,C,2019MNRAS.485.3738L,0.018169851297672464,SIMBAD
625,1827,39.9672097,-1.5807686,0.5442,abell370,0.375,1.74,2.8200000000000003,22,1.74,2.54,2.54,2.55,2.69,2.61,3.08,3.08,3.02,2.57,3.46,2.01,2.78,2.83,2.81,3.13,2.9,2.9,2.9,2.78,3.01,2.83,[LRB2019] 7229,39.96721,-1.5807699999999998,G,0.379,D,2021A&A...646A..83R,0.005154329479869872,SIMBAD
628,1833,39.9874647,-1.5809017,0.9853,abell370,0.375,1.85,1.895,22,1.85,2.13,2.13,2.12,1.93,1.93,1.62,1.62,1.69,2.12,1.88,2.28,1.9,1.92,2.24,1.53,1.74,1.74,1.89,1.33,2.07,1.88,[LRB2019] 7122,39.987460000000006,-1.5808999999999995,G,1.0337,D,2021A&A...646A..83R,0.017986742347931444,SIMBAD
631,1837,39.9684698,-1.5811228,0.4347,abell370,0.375,1.29,1.57,22,1.29,1.53,1.53,1.53,1.57,1.58,1.64,1.64,1.64,2.95,1.55,1.34,1.57,1.58,1.69,1.8,1.57,1.57,1.59,1.53,1.57,1.63,[LRB2019] 7219,39.96847,-1.58112,G,0.378329,D,2021A&A...646A..83R,0.010105662042932083,SIMBAD
635,1846,39.9815234,-1.5814294,0.6531,abell370,0.375,1.46,1.95,22,1.46,1.95,1.95,1.95,2.0,1.85,1.99,1.99,1.94,1.99,1.96,1.93,1.95,1.95,2.17,2.72,1.81,1.81,1.96,1.73,1.85,1.89,[LRB2019] 7340,39.981539,-1.5814028,LeG,1.2566,C,2019MNRAS.485.3738L,0.11100234727210982,SIMBAD
638,1850,39.9694684,-1.5813342,0.5563,abell370,0.375,2.45,5.4350000000000005,22,2.45,4.94,4.94,4.94,5.54,5.71,5.94,5.94,6.21,5.5,9.93,2.27,4.96,5.02,10.98,14.41,5.37,5.37,5.53,4.02,4.34,9.6,[LRB2019] 7019,39.96945999999999,-1.58134,G,0.392,D,2021A&A...646A..83R,0.03673874799448995,SIMBAD
640,1859,39.9495943,-1.5817856,0.3956,abell370,0.375,1.04,1.04,14,,1.04,1.04,1.04,1.03,1.02,1.0,1.0,1.0,10.89,1.07,1.03,1.05,1.05,1.4,,,,,,,,DES J023947.90-013454.4,39.9495842,-1.5817882,GiC,0.3766,C,2019MNRAS.485.3738L,0.037532010780907385,SIMBAD
642,1862,39.9755493,-1.5814473,0.466,abell370,0.375,1.24,1.66,22,1.24,1.65,1.65,1.65,1.67,1.67,1.76,1.76,1.77,1.6,1.56,1.44,1.68,1.64,1.63,1.65,1.76,1.76,1.74,1.67,1.7,1.59,[LRB2019] 7003,39.97555,-1.58145,G,0.3651,D,2021A&A...646A..83R,0.010041113645516807,SIMBAD
643,1866,39.9650017,-1.5815935,0.4095,abell370,0.375,1.12,1.19,22,1.12,1.18,1.18,1.18,1.2,1.17,1.19,1.19,1.18,2.07,1.18,1.19,1.2,1.2,1.18,1.23,1.21,1.21,1.22,1.2,1.22,1.19,[LRB2019] 7055,39.965,-1.5816,EmG,0.3648,C,2019MNRAS.485.3738L,0.02418648108820008,SIMBAD
646,1873,39.9797192,-1.5815904,0.5226,abell370,0.375,1.34,1.65,22,1.34,1.66,1.66,1.66,1.67,1.58,1.69,1.69,1.65,1.63,1.65,1.63,1.63,1.62,1.71,1.92,1.68,1.68,1.65,1.58,1.62,1.58,[LRB2019] 6855,39.97971,-1.5815900000000005,G,0.4223,C,2019MNRAS.485.3738L,0.033138683923182914,SIMBAD
647,1874,39.9538219,-1.5817345,0.5888,abell370,0.375,1.16,1.33,19,1.16,1.48,1.48,1.49,1.33,1.2,1.12,1.12,1.07,1.34,1.3,1.43,1.38,1.38,1.27,1.13,,,,1.05,1.5,1.38,[LRB2019] 6881,39.95364,-1.58187,EmG,2.91483,D,2021A&A...646A..83R,0.8163562414258474,SIMBAD
648,1878,39.9536386,-1.5818563,2.5982,abell370,0.375,1.42,2.16,19,1.42,3.04,3.04,3.08,2.29,1.65,1.4,1.4,1.24,2.16,1.99,2.53,2.49,2.54,1.9,1.41,,,,1.2,3.29,2.57,[LRB2019] 6881,39.95364,-1.58187,EmG,2.91483,D,2021A&A...646A..83R,0.04957665421208573,SIMBAD
650,1881,39.9586817,-1.582389,0.3757,abell370,0.375,1.0,1.0,22,1.0,1.0,1.0,1.0,1.0,1.0,1.0,1.0,1.0,1.0,1.04,1.0,1.0,1.0,1.0,1.0,1.0,1.0,1.0,1.0,1.0,1.0,[LRB2019] 7479,39.95868,-1.5823799999999997,G,0.1331,C,2019MNRAS.485.3738L,0.03297250125783933,SIMBAD
654,1889,39.9860374,-1.5817946,0.702,abell370,0.375,1.59,1.645,22,1.59,1.75,1.75,1.74,1.67,1.68,1.51,1.51,1.55,1.78,1.65,1.8,1.65,1.66,1.88,1.58,1.52,1.52,1.57,1.27,1.64,1.64,[LRB2019] 6790,39.98604,-1.5817900000000005,G,0.7329,C,2019MNRAS.485.3738L,0.0190204217448066,SIMBAD
664,1912,39.9679505,-1.5844362,0.4065,abell370,0.375,1.15,1.23,22,1.15,1.21,1.21,1.21,1.29,2.38,1.23,1.23,1.23,0.08,1.3,1.16,1.3,1.29,2.73,1.23,1.2,1.2,1.21,1.22,1.24,1.23,[LRB2019] 6289,39.967945,-1.5844368,G,0.3625,C,2019MNRAS.485.3738L,0.019909944105285085,SIMBAD
665,1921,39.9691387,-1.5849622,0.4075,abell370,0.375,1.26,1.275,22,1.26,1.29,1.29,1.29,1.34,7.28,1.26,1.26,1.26,0.44,3.25,1.16,1.33,1.41,1.83,1.27,1.25,1.25,1.25,1.26,1.29,1.28,DES J023952.59-013505.8,39.9691322,-1.5849507,GiC,0.3743,C,2019MNRAS.485.3738L,0.04755103680127536,SIMBAD
667,1923,39.9693595,-1.5847278,0.7319,abell370,0.375,89.81,28.009999999999998,22,89.81,72.8,72.8,72.09,20.1,28.79,18.84,18.84,19.45,15.07,9.48,3.22,10.77,10.98,20.49,186.96,175.32,175.32,263.49,27.23,38.5,74.17,[DSB2018] A370  2.4.1,39.969425,-1.5847333333333335,LeG,0.725,C,2018ApJ...855....4K,0.23655004032831156,SIMBAD
668,1924,39.9709578,-1.585032,0.412,abell370,0.375,1.36,1.33,22,1.36,1.38,1.38,1.38,1.34,1.31,1.33,1.33,1.33,1.3,1.32,1.2,1.35,1.33,1.32,1.36,1.31,1.31,1.33,1.29,1.32,1.41,[DSB2018] A370  2.2.1,39.970954166666665,-1.5850472222222225,LeG,0.7246,C,2019MNRAS.485.3738L,0.05633822414915194,SIMBAD
669,1927,39.9858108,-1.5820452,0.7455,abell370,0.375,1.64,1.7349999999999999,22,1.64,1.83,1.83,1.82,1.76,1.76,1.57,1.57,1.62,1.88,1.73,1.88,1.74,1.74,2.01,1.74,1.58,1.58,1.63,1.3,1.7,1.72,[LRB2019] 6689,39.98581000000001,-1.58204,G,0.8622,D,2021A&A...646A..83R,0.01894007597040332,SIMBAD
671,1930,39.9814759,-1.5820749,0.6909,abell370,0.375,1.45,2.025,22,1.45,2.08,2.08,2.08,2.13,1.95,1.92,1.92,1.9,2.11,2.05,2.05,2.07,2.06,2.31,3.78,1.81,1.81,1.98,1.78,1.92,2.0,[KIS2018] A370 18.2,39.981476,-1.5820728,EmG,4.42867,C,2021A&A...646A..83R,0.007568560048256384,SIMBAD
675,1944,39.9800689,-1.5822873,0.4432,abell370,0.375,1.14,1.27,22,1.14,1.28,1.28,1.27,1.52,16.99,1.25,1.25,1.24,10.44,0.3,1.23,1.27,1.27,3.12,1.41,1.25,1.25,1.25,1.26,1.28,1.28,[LRB2019] 7350,39.98006,-1.58229,G,0.3727,C,2019MNRAS.485.3738L,0.03347024483947415,SIMBAD
676,1949,39.9682955,-1.5794839,0.4051,abell370,0.375,1.15,1.27,22,1.15,1.25,1.25,1.25,1.28,1.26,1.28,1.28,1.27,40.3,2.21,1.14,1.27,1.27,1.29,1.33,1.27,1.27,1.27,1.26,1.27,1.28,[LRB2019] 7784,39.9683,-1.5794899999999998,G,0.3736,C,2019MNRAS.485.3738L,0.027285201261022782,SIMBAD
681,1962,39.9807023,-1.5832334,0.7312,abell370,0.375,1.5,2.1950000000000003,22,1.5,2.2,2.2,2.2,2.42,2.19,2.1,2.1,2.07,2.34,2.27,2.13,2.3,2.27,2.53,6.06,1.92,1.92,2.06,1.92,2.09,2.21,[LRB2019] 6841,39.98069999999999,-1.58323,G,0.7338,C,2019MNRAS.485.3738L,0.014775779678985645,SIMBAD
684,1968,39.9619138,-1.5831838,3.9787,abell370,0.375,3.09,6.445,22,3.09,7.46,7.46,7.5,13.62,5.67,4.63,4.63,5.27,7.02,5.58,5.02,12.47,12.78,5.87,90.07,5.04,5.04,5.31,7.47,11.52,17.59,[DSB2018] A370 16.1.2,39.961704166666664,-1.5832138888888887,EmG,3.81306,C,2021A&A...646A..83R,0.7621288431646487,SIMBAD
688,1979,39.9684056,-1.5830497,0.7079,abell370,0.375,3.05,8.125,22,3.05,7.73,7.73,7.75,7.42,8.9,16.6,16.6,15.34,7.35,6.64,4.21,8.92,8.49,11.82,22.58,7.87,7.87,9.59,6.45,8.38,9.12,[LRB2019] 6305,39.9684,-1.58305,G,0.5789,C,2019MNRAS.485.3738L,0.020181224410630458,SIMBAD
690,1986,39.9656079,-1.5833149,0.4079,abell370,0.375,1.12,1.18,22,1.12,1.17,1.17,1.17,1.17,1.17,1.19,1.19,1.18,2.99,2.3,1.18,1.18,1.18,1.47,1.2,1.17,1.17,1.17,1.19,1.21,1.18,[LRB2019] 6665,39.965603,-1.5833191,G,0.3786,C,2019MNRAS.485.3738L,0.02322813892647357,SIMBAD
694,1994,39.9781134,-1.5833179,2.5676,abell370,0.375,2.77,23.965,22,2.77,17.27,17.27,17.64,38.17,23.82,32.22,32.22,30.73,20.09,0.41,8.38,35.2,25.39,26.55,5.31,405.5,405.5,24.11,16.8,24.21,19.19,[LRB2019] 6559,39.978109,-1.5833172,G,0.3871,C,2019MNRAS.485.3738L,0.01603322942085342,SIMBAD
697,2007,39.9602685,-1.5834329,1.0179,abell370,0.375,1.97,2.3,22,1.97,2.72,2.72,2.73,2.65,2.1,1.87,1.87,1.96,2.38,2.22,2.46,2.84,2.83,2.18,2.59,1.91,1.91,1.95,2.02,2.56,2.87,[LRB2019] 6253,39.96028,-1.58343,G,1.0616,C,2019MNRAS.485.3738L,0.042680732068849016,SIMBAD
698,2009,39.9602375,-1.5836311,4.0306,abell370,0.375,3.22,3.96,22,3.22,5.5,5.5,5.43,5.96,3.5,2.7,2.7,2.98,4.22,3.63,4.26,6.58,6.62,3.7,5.37,2.91,2.91,3.0,3.3,5.08,7.69,[KIS2018] A370 17.3,39.96023999999999,-1.5836500000000004,EmG,4.25608,C,2021A&A...646A..83R,0.06863220625256637,SIMBAD
704,2029,39.9594877,-1.5840123,1.656,abell370,0.375,2.43,2.625,22,2.43,3.52,3.52,3.51,3.28,2.38,1.92,1.92,2.04,2.8,2.54,3.22,3.59,3.58,2.51,2.71,2.14,2.14,2.19,2.06,2.88,3.74,[BHF2019] A370   1646,39.95945833333333,-1.584083333333334,LeG,1.55,C,2019ApJ...880...54H,0.2766963969259277,SIMBAD
710,2042,39.9738472,-1.5841044,0.8402,abell370,0.375,2.98,24.33,22,2.98,23.89,23.89,23.96,23.64,67.95,91.46,91.46,40.54,160.46,12.39,3.35,35.55,29.04,22.22,12.44,31.64,31.64,214.46,10.0,14.16,24.7,[DSB2018] A370  2.1.1,39.97385,-1.584225,LeG,0.725,C,2019MNRAS.485.3738L,0.4342769097553874,SIMBAD
717,2064,39.9608008,-1.56926,2.5264,abell370,0.375,3.06,7.205,22,3.06,8.5,8.5,8.46,8.19,6.66,7.12,7.12,5.84,6.23,4.51,8.48,8.55,10.02,6.51,23.73,3.44,3.44,3.63,7.29,11.03,20.37,[RCL2021] A370 11222,39.96083,-1.5692300000000003,EmG,4.62119,D,2021A&A...646A..83R,0.15068486115236812,SIMBAD
720,2075,39.9780955,-1.5852681,1.0885,abell370,0.375,2.02,5.365,22,2.02,5.13,5.13,5.16,7.67,7.94,6.17,6.17,6.45,6.5,5.57,3.17,6.34,5.9,7.25,6.84,3.92,3.92,4.29,3.58,4.37,5.0,[LRB2019] 5783,39.978094,-1.5852708,G,1.0604,C,2019MNRAS.485.3738L,0.011118276981361195,SIMBAD
724,2095,39.9799283,-1.5845388,0.5788,abell370,0.375,1.36,1.74,22,1.36,1.85,1.85,1.85,1.81,1.77,1.73,1.73,1.72,1.8,1.74,1.65,1.79,1.77,1.86,2.58,1.58,1.58,1.61,1.54,1.65,1.74,[LRB2019] 5961,39.98,-1.5846999999999998,G,1.0462,C,2019MNRAS.485.3738L,0.6350954948759087,SIMBAD
725,2097,39.9800146,-1.5846833,1.0338,abell370,0.375,1.83,3.37,22,1.83,3.87,3.87,3.85,3.72,3.47,3.35,3.35,3.26,3.63,3.37,2.77,3.61,3.48,3.93,48.76,2.86,2.86,2.86,2.48,2.91,3.37,[LRB2019] 5961,39.98,-1.5846999999999998,G,1.0462,C,2019MNRAS.485.3738L,0.07984269076615098,SIMBAD
726,2099,39.967065,-1.5845503,0.3992,abell370,0.375,1.09,1.14,22,1.09,1.14,1.14,1.14,1.14,1.14,1.15,1.15,1.14,1.14,1.14,1.11,1.15,1.15,1.14,1.15,1.12,1.12,1.13,1.14,1.16,1.14,[DSB2018] A370 21.2.1,39.967058333333334,-1.5845583333333335,EmG,2.91,C,2019MNRAS.485.3738L,0.037575603329922574,SIMBAD
727,2101,39.9746543,-1.5693456,2.5778,abell370,0.375,5.49,14.495000000000001,22,5.49,24.54,24.54,24.02,16.46,9.86,9.34,9.34,8.06,15.21,28.04,21.44,12.99,11.45,19.26,13.78,9.53,9.53,50.72,22.59,21.23,6.83,[LRB2019] 10851,39.97475,-1.56933,EmG,5.44893,C,2021A&A...646A..83R,0.3489397538957003,SIMBAD
728,2103,39.9747519,-1.5693308,2.5908,abell370,0.375,5.82,15.65,22,5.82,24.35,24.35,23.85,16.54,10.27,11.05,11.05,9.09,15.63,29.31,21.58,13.33,11.53,20.37,15.67,9.27,9.27,37.27,23.13,21.41,6.91,[LRB2019] 10851,39.97475,-1.56933,EmG,5.44893,C,2021A&A...646A..83R,0.007419225683194111,SIMBAD
730,2108,39.9606608,-1.5693712,0.4791,abell370,0.375,1.23,1.35,22,1.23,1.44,1.44,1.44,1.38,1.33,1.36,1.36,1.31,1.33,1.28,1.37,1.38,1.39,1.34,1.34,1.2,1.2,1.24,1.33,1.4,1.41,[RCL2021] A370 11222,39.96083,-1.5692300000000003,EmG,4.62119,D,2021A&A...646A..83R,0.793182279335317,SIMBAD
732,2112,39.9626657,-1.5851972,1.082,abell370,0.375,2.42,3.1100000000000003,22,2.42,3.86,3.86,3.85,3.31,2.95,2.79,2.79,3.01,3.18,2.98,3.04,3.85,3.75,4.69,8.42,2.39,2.39,2.73,2.92,3.68,3.67,[BHF2019] A370   1530,39.962676,-1.5851813,G,1.0635,C,2019MNRAS.485.3738L,0.06819304825808635,SIMBAD
746,2149,39.9654006,-1.5860261,0.395,abell370,0.375,1.06,1.09,22,1.06,1.09,1.09,1.09,1.15,6.53,1.08,1.08,1.08,0.37,1.8,1.08,1.13,1.12,1.54,1.1,1.08,1.08,1.08,1.11,1.12,1.1,BOW ACO  370 CC142,39.9654049,-1.5860232,GiC,0.3706,C,2019MNRAS.485.3738L,0.018666559093852248,SIMBAD
762,2201,39.9729966,-1.5700029,0.8219,abell370,0.375,23.03,13.965,22,23.03,15.71,15.71,15.13,13.96,13.97,10.67,10.67,17.23,7.78,6.42,3.52,19.19,34.44,6.89,19.99,10.5,10.5,3.18,10.25,15.29,138.3,[HBH2019] A370-003,39.972946,-1.569983,G,1.4,E,2019ApJ...878...12H,0.1956774046939003,SIMBAD
765,2206,39.948046,-1.5866632,2.0819,abell370,0.375,2.02,1.56,14,,2.02,2.02,1.99,1.56,1.31,1.08,1.08,1.07,1.68,1.56,1.55,1.7,1.71,1.44,,,,,,,,[VV2006] J023947.5-013512,39.948095833333326,-1.5867305555555558,QSO,1.6,C,2019ApJ...880...54H,0.30158951290395136,SIMBAD
767,2213,39.959344,-1.5867941,1.2095,abell370,0.375,2.29,2.24,22,2.29,2.76,2.76,2.75,2.37,2.02,1.64,1.64,1.83,2.31,2.15,2.77,2.65,2.6,2.04,2.85,2.19,2.19,2.11,1.51,1.99,2.65,[LRB2019] 5458,39.95935000000001,-1.5868,G,1.1969,C,2019MNRAS.485.3738L,0.03028761857846201,SIMBAD
769,2221,39.9753692,-1.5869638,0.477,abell370,0.375,1.25,1.5950000000000002,22,1.25,1.59,1.59,1.59,1.63,1.62,1.64,1.64,1.63,78.6,1.52,1.44,1.6,1.59,1.56,1.39,1.73,1.73,1.73,1.45,1.56,1.62,[LRB2019] 5326,39.97537,-1.58696,G,0.3697,C,2019MNRAS.485.3738L,0.013979643713508095,SIMBAD
773,2228,39.983345,-1.5704113,0.507,abell370,0.375,1.21,1.42,22,1.21,1.42,1.42,1.42,1.44,1.45,1.52,1.52,1.56,1.43,1.42,1.38,1.37,1.4,1.46,1.6,1.4,1.4,1.36,1.29,1.38,1.38,[LRB2019] 10526,39.98335,-1.57041,EmG,5.6459,C,2019MNRAS.485.3738L,0.018591908400937412,SIMBAD
775,2231,39.9688946,-1.5871142,0.6002,abell370,0.375,2.37,2.82,22,2.37,3.32,3.32,3.33,2.64,2.79,2.78,2.78,2.73,2.74,2.79,2.12,3.19,3.07,2.8,2.84,2.84,2.84,2.89,2.68,3.35,3.05,[LRB2019] 5263,39.968908,-1.5871056,G,0.5802,C,2019MNRAS.485.3738L,0.05730474727504961,SIMBAD
776,2234,39.9634758,-1.5702283,3.8162,abell370,0.375,19.55,13.145,22,19.55,34.56,34.56,34.9,12.9,8.66,26.59,26.59,23.69,15.54,9.52,12.0,20.8,17.03,9.89,8.27,8.17,8.17,11.87,9.82,13.39,9.51,[LBL2018] A370 cluster 14,39.9634654,-1.5702315,G?,5.276,E,2018ApJ...862..156L,0.03915879782066402,SIMBAD
778,2237,39.9731017,-1.5876047,3.7294,abell370,0.375,33.67,4.305,22,33.67,3.91,3.91,4.02,4.36,4.33,3.65,3.65,3.4,4.37,4.2,12.39,4.28,4.02,4.55,5.65,4.87,4.87,4.15,4.36,4.8,3.5,[RCL2021] A370  5090,39.973209999999995,-1.58743,EmG,4.33671,D,2021A&A...646A..83R,0.7398852041206656,SIMBAD
781,2241,39.9760608,-1.5872012,5.4449,abell370,0.375,4.19,6.57,22,4.19,8.61,8.61,8.49,4.62,3.82,3.79,3.79,3.67,5.07,6.42,12.64,6.75,6.72,6.82,19.4,5.08,5.08,4.34,10.49,10.29,6.85,[IKO2018] HFF6C-5420-5141,39.975874,-1.587261,G,8.22,E,2018ApJ...854...73I,0.7058525810464712,SIMBAD
784,2254,39.9752014,-1.5879275,0.376,abell370,0.375,1.0,1.0,22,1.0,1.0,1.0,1.0,1.01,1.02,1.0,1.0,1.0,1.03,1.05,1.0,1.0,1.0,1.0,1.0,1.0,1.0,1.0,1.0,1.0,1.01,[LRB2019] 5339,39.975198,-1.5879282,G,0.3781,C,2019MNRAS.485.3738L,0.012492115726730257,SIMBAD
785,2263,39.9652776,-1.5878015,5.6163,abell370,0.375,6.6,11.940000000000001,22,6.6,18.46,18.46,16.03,20.09,12.7,9.07,9.07,12.56,17.79,9.99,10.13,16.3,21.93,18.74,5.52,6.03,6.03,8.96,11.32,9.98,65.32,[DSB2018] A370 29.1.1,39.965279,-1.5878055,EmG,5.74855,C,2021A&A...646A..83R,0.015255887297178942,SIMBAD
793,2279,39.9639697,-1.588332,0.7525,abell370,0.375,1.83,2.295,22,1.83,2.64,2.64,2.63,2.21,2.29,2.2,2.2,2.3,2.32,2.36,2.08,2.52,2.43,2.19,3.87,2.2,2.2,2.06,1.99,2.48,2.33,[LRB2019] 4840,39.963801,-1.5882507,G,0.8048,C,2019MNRAS.485.3738L,0.6739553431194719,SIMBAD
800,2295,39.9632734,-1.5703422,1.9762,abell370,0.375,10.03,33.155,22,10.03,12.57,12.57,12.63,2062.34,96.61,20.69,20.69,18.91,31.33,54.22,7.78,54.31,140.3,978.79,34.98,165.39,165.39,22.84,39.05,50.91,29.66,[LBL2018] A370 cluster 13,39.9632722,-1.5703459,G?,5.247,E,2018ApJ...862..156L,0.014002527796263856,SIMBAD
813,2332,39.9630823,-1.5706641,3.4473,abell370,0.375,77.83,31.740000000000002,22,77.83,307.26,307.26,130.08,22.13,16.59,66.39,66.39,674.17,33.09,36.9,11.35,43.44,27.07,30.39,9.23,21.42,21.42,46.73,14.19,17.38,12.09,[DSB2018] A370 20.1.2,39.96307083333333,-1.5707,EmG,4.91381,D,2021A&A...646A..83R,0.13566774019783914,SIMBAD
815,2347,39.9710198,-1.5892156,1.3447,abell370,0.375,237.33,35.815,22,237.33,15.67,15.67,14.91,277.31,32.58,754.64,754.64,224.92,5561.65,39.05,5.58,13.69,14.34,21.08,84.52,53.95,53.95,44.76,18.81,8.99,12.56,[DSB2018] A370  5.2.1,39.97103333333334,-1.589225,LeG,1.2773,C,2019MNRAS.485.3738L,0.05930394856448329,SIMBAD
816,2349,39.9691206,-1.5890495,1.3507,abell370,0.375,59.25,40.15,22,59.25,40.15,40.15,39.09,59.76,19.23,62.67,62.67,71.12,49.88,32.02,6.29,21.03,28.12,17.18,30.74,211.03,211.03,277.4,19.42,9.23,1761.89,[LRB2019] 4651,39.96911,-1.5890499999999994,G,1.2774,C,2019MNRAS.485.3738L,0.038187770460006785,SIMBAD
817,2350,39.9734858,-1.5890447,1.2834,abell370,0.375,3.1,25.755,22,3.1,26.08,26.08,26.53,25.43,22.83,40.6,40.6,51.88,17.02,13.91,5.33,60.89,48.25,27.66,6.73,18.09,18.09,27.06,11.01,89.37,14.93,[DSB2018] A370  5.1.1,39.97346666666667,-1.58905,LeG,1.2775,C,2019MNRAS.485.3738L,0.0714482497463881,SIMBAD
823,2362,39.9760703,-1.5893105,1.5805,abell370,0.375,2.85,16.825,22,2.85,25.09,25.09,29.09,37.23,155.61,57.4,57.4,102.45,14.54,11.53,4.05,19.11,19.97,10.96,3.8,7.41,7.41,8.57,4.57,8.01,52.9,[LRB2019] 4602,39.976042,-1.5893204,G,1.3397,C,2019MNRAS.485.3738L,0.1078969861422952,SIMBAD
826,2366,39.9666948,-1.5708684,2.6071,abell370,0.375,2.15,10.370000000000001,22,2.15,12.64,12.64,12.74,38.94,10.49,7.73,7.73,7.93,7.17,7.14,11.9,15.84,18.81,4.02,17.92,6.85,6.85,6.52,13.68,33.27,10.25,[BHF2019] A370   2946,39.9669,-1.5709,LSB,1.988,E,2021MNRAS.501.1028Y,0.7471535799624859,SIMBAD
828,2375,39.9693429,-1.5896378,0.6249,abell370,0.375,2.22,2.465,22,2.22,2.64,2.64,2.64,3.29,1.33,2.13,2.13,2.19,45.19,2.45,1.97,3.04,2.95,14.38,2.48,2.38,2.38,2.19,2.21,2.97,2.64,[LRB2019] 4662,39.96934966,-1.58973648,G,0.6028,C,2019MNRAS.485.3738L,0.35607994412753236,SIMBAD
835,2394,39.9792431,-1.5902899,1.6367,abell370,0.375,2.04,4.77,22,2.04,4.93,4.93,5.35,4.82,7.6,4.09,4.09,4.53,4.93,4.31,3.32,4.72,4.7,4.46,11.08,16.6,16.6,7.98,1.91,2.69,5.67,[BHF2019] A370   1131,39.979281,-1.5902451,G,1.45,C,2019MNRAS.485.3738L,0.21121736366774613,SIMBAD
836,2395,39.9678451,-1.5897316,0.4114,abell370,0.375,1.12,1.15,22,1.12,1.17,1.17,1.17,1.15,1.15,1.12,1.12,1.13,1.16,1.15,1.14,1.17,1.16,1.16,1.17,1.15,1.15,1.13,1.12,1.18,1.16,[LRB2019] 4454,39.96785,-1.5897299999999996,G,0.367402,D,2021A&A...646A..83R,0.018550140429208998,SIMBAD
840,2404,39.9646663,-1.590347,0.4141,abell370,0.375,1.1,1.16,22,1.1,1.16,1.16,1.16,1.41,5.93,1.11,1.11,1.12,1.91,0.66,1.13,1.24,1.24,2.09,1.22,1.19,1.19,1.17,1.11,1.16,1.14,[LRB2019] 4806,39.96467,-1.5903500000000002,G,0.3817,C,2019MNRAS.485.3738L,0.017144262646802765,SIMBAD
841,2406,39.9644048,-1.5904153,0.6563,abell370,0.375,1.62,2.245,22,1.62,2.27,2.27,2.26,4.3,2.23,1.8,1.8,1.88,2.22,3.0,1.86,2.15,2.09,2.0,3.2,2.79,2.79,2.4,2.1,2.57,2.35,[TSB2015] GLASS A370-03490,39.96441249,-1.59051139,GiC,0.595,C,2019MNRAS.485.3738L,0.3470291446400417,SIMBAD
842,2407,39.9672283,-1.5899221,0.9282,abell370,0.375,2.52,4.43,22,2.52,4.97,4.97,5.0,3.52,4.12,3.72,3.72,3.91,4.32,4.87,2.81,4.94,4.57,4.89,5.36,4.54,4.54,4.08,3.71,6.6,3.97,[LRB2019] 4410,39.967227,-1.5899252,G,0.8038,C,2019MNRAS.485.3738L,0.012100873476141869,SIMBAD
848,2423,39.9673568,-1.5904772,0.4403,abell370,0.375,1.19,1.28,22,1.19,1.29,1.29,1.29,1.25,1.25,1.21,1.21,1.23,1.32,6.12,1.23,1.28,1.27,1.74,1.35,1.29,1.29,1.28,1.2,1.3,1.27,[LRB2019] 4348,39.96736,-1.59048,G,0.3747,C,2019MNRAS.485.3738L,0.01530407018290242,SIMBAD
856,2452,39.958985,-1.573336,1.4254,abell370,0.375,1.88,3.3049999999999997,22,1.88,3.3,3.3,3.31,3.72,2.63,3.6,3.6,2.85,3.14,2.96,3.95,3.93,4.28,2.9,3.69,2.12,2.12,2.62,3.43,5.61,4.71,[LRB2019] 9862,39.95897,-1.5733500000000002,G,1.0333,C,2019MNRAS.485.3738L,0.07385094268088713,SIMBAD
857,2455,39.9594107,-1.5733132,1.1856,abell370,0.375,1.9,3.51,22,1.9,3.59,3.59,3.6,3.43,3.59,3.28,3.28,2.7,3.2,4.44,3.82,3.92,4.3,3.32,3.33,2.03,2.03,2.48,4.63,6.76,5.44,[DSB2018] A370 27.3.1,39.95939166666666,-1.5733166666666667,LeG,1.27,C,2019ApJ...880...54H,0.06962184678088544,SIMBAD
865,2480,39.9797399,-1.5913899,1.1441,abell370,0.375,1.88,2.955,22,1.88,3.22,3.22,3.22,2.95,3.79,2.54,2.54,2.73,3.08,2.81,2.17,2.95,2.96,2.89,9.09,12.12,12.12,5.48,1.45,1.93,3.37,[LRB2019] 3996,39.97973,-1.59139,LeG,1.2467,C,2019MNRAS.485.3738L,0.03562807245783431,SIMBAD
868,2485,39.9805608,-1.5915768,1.2611,abell370,0.375,1.91,2.91,22,1.91,3.18,3.18,3.17,2.89,3.76,2.51,2.51,2.64,3.11,2.8,2.2,2.91,2.91,2.91,17.77,140.98,140.98,7.26,1.37,1.85,3.35,[BHF2019] A370   1078,39.98055999999999,-1.59157,G,1.1959,D,2021A&A...646A..83R,0.024648699797042622,SIMBAD
870,2489,39.9683681,-1.5915219,1.5956,abell370,0.375,6.72,11.72,22,6.72,26.32,26.32,26.74,2.09,0.85,11.72,11.72,14.46,6.76,4.32,3.4,7.0,8.25,11.99,23.73,22.91,22.91,34.29,8.88,98.44,10.26,DES J023952.36-013529.6,39.9681995,-1.5915723000000002,GiC,0.3636,C,2019MNRAS.485.3738L,0.6332746083220555,SIMBAD
872,2493,39.9773487,-1.5916237,2.383,abell370,0.375,2.16,9.665,22,2.16,10.31,10.31,8.92,10.11,28.09,9.02,9.02,11.21,8.67,7.87,3.25,9.37,9.96,6.65,18.54,32.74,32.74,12.7,2.5,4.11,17.02,[BHF2019] A370   1065,39.97735,-1.5916199999999998,LeG,1.9655,C,2019MNRAS.485.3738L,0.014117645089033978,SIMBAD
874,2497,39.9755941,-1.5921883,1.1598,abell370,0.375,2.06,4.720000000000001,22,2.06,5.58,5.58,5.62,4.21,4.78,3.16,3.16,3.67,4.07,3.7,2.47,4.66,4.91,7.16,7.72,12.6,12.6,17.49,2.13,3.33,6.02,[BHF2019] A370   1011,39.9756,-1.5922,G,1.239,E,2021MNRAS.501.1028Y,0.0471686729440225,SIMBAD
878,2515,39.9700792,-1.5925661,1.1669,abell370,0.375,3.9,6.1850000000000005,22,3.9,6.03,6.03,6.15,7.21,4.15,5.25,5.25,6.2,7.61,8.14,2.97,6.35,6.17,6.2,48.06,35.32,35.32,114.39,3.88,10.95,5.53,[LRB2019] 3876,39.97013,-1.5925699999999998,G,1.2563,C,2019MNRAS.485.3738L,0.18334771120987584,SIMBAD
880,2518,39.9673012,-1.5924178,0.3895,abell370,0.375,1.04,1.05,22,1.04,1.05,1.05,1.06,1.05,1.05,1.05,1.05,1.05,1.05,1.37,1.04,1.05,1.05,1.05,1.09,1.08,1.08,1.09,1.03,1.05,1.05,[LRB2019] 3895,39.9673,-1.59242,G,0.382059,D,2021A&A...646A..83R,0.00902077535160533,SIMBAD
885,2530,39.9556355,-1.592671,0.6942,abell370,0.375,1.42,1.39,19,1.42,1.57,1.57,1.57,1.36,1.29,1.18,1.18,1.16,1.45,1.39,1.35,1.44,1.43,1.31,1.75,,,,0.95,1.35,1.45,[MKM2003] ISO ACO   370  5,39.95583333333333,-1.5925000000000002,G,0.7,D,2003A&A...407..791M,0.9411697035581303,SIMBAD
893,2551,39.9803084,-1.5932827,0.4693,abell370,0.375,1.16,1.24,22,1.16,1.28,1.28,1.28,1.23,1.27,1.2,1.2,1.22,1.25,1.22,1.19,1.24,1.24,1.24,1.53,1.51,1.51,1.49,1.03,1.12,1.26,[LRB2019] 3553,39.9803,-1.59328,G,0.7372,C,2019MNRAS.485.3738L,0.03175262265476088,SIMBAD
903,2593,39.97037,-1.5944354,1.2761,abell370,0.375,3.35,4.83,22,3.35,4.6,4.6,4.88,4.36,3.35,7.46,7.46,9.15,5.32,4.72,2.61,4.78,4.75,5.03,14.45,42.33,42.33,14.96,2.63,6.08,4.21,[BHF2019] A370    895,39.97051,-1.5944500000000004,G,1.3399,C,2019MNRAS.485.3738L,0.5065391308598945,SIMBAD
905,2596,39.9721265,-1.5943155,0.4254,abell370,0.375,1.13,1.225,22,1.13,1.19,1.19,1.19,1.28,8.62,1.19,1.19,1.21,1.23,4.6,1.13,1.23,1.24,3.82,1.58,1.41,1.41,1.45,1.1,1.19,1.22,[LRB2019] 3811,39.97213,-1.5943100000000003,G,0.3764,C,2019MNRAS.485.3738L,0.02346651030180514,SIMBAD
910,2616,39.9863147,-1.5729203,1.5301,abell370,0.375,1.57,2.88,22,1.57,2.86,2.86,2.88,2.88,2.72,4.44,4.44,5.39,3.04,2.68,1.93,2.55,2.72,3.02,14.77,3.36,3.36,3.95,1.99,3.15,2.64,[LRB2019] 10102,39.98655,-1.5727799999999998,G,1.061,D,2021A&A...646A..83R,0.9859562573080913,SIMBAD
911,2617,39.9764989,-1.5949667,0.5627,abell370,0.375,1.29,1.53,22,1.29,1.6,1.6,1.6,1.48,1.53,1.49,1.49,1.59,0.31,1.48,1.4,1.53,1.55,1.5,2.27,2.13,2.13,2.88,1.13,1.34,1.62,[LRB2019] 3313,39.97650599,-1.59506503,G,0.5635,C,2019MNRAS.485.3738L,0.35490628900594856,SIMBAD
918,2654,39.9769763,-1.5962131,0.4011,abell370,0.375,1.04,1.08,22,1.04,1.08,1.08,1.08,1.06,1.96,1.07,1.07,1.08,7.29,1.06,1.05,1.1,1.1,1.39,1.09,1.11,1.11,1.16,1.01,1.04,1.08,[LRB2019] 3295,39.97697,-1.59621,G,0.3803,C,2019MNRAS.485.3738L,0.025269128869878255,SIMBAD
919,2659,39.9844888,-1.5958594,2.6728,abell370,0.375,2.0,2.51,22,2.0,3.23,3.23,3.09,2.32,3.05,2.15,2.15,2.25,2.86,2.45,2.25,2.4,2.42,2.57,35.38,8.31,8.31,10.25,1.0,1.96,3.31,[SLM2018] A370-clu  1060,39.9844793,-1.59586,EmG,0.36,E,2021MNRAS.508.3860G,0.03425490389357424,SIMBAD
920,2661,39.9700863,-1.5960297,1.5703,abell370,0.375,3.18,5.08,22,3.18,5.08,5.08,5.21,3.74,3.2,10.46,10.46,13.43,4.95,4.19,2.9,4.48,4.45,5.23,38.21,20.2,20.2,13.17,2.3,5.18,3.79,[BHF2019] A370    811,39.9702,-1.596,G,1.523,E,2021MNRAS.501.1028Y,0.4229004363654282,SIMBAD
925,2669,39.9706152,-1.5972932,0.6889,abell370,0.375,2.04,1.955,20,,2.04,2.04,2.03,1.67,1.63,2.53,2.53,2.71,1.85,1.75,1.39,1.83,1.83,1.89,,3.48,3.48,3.21,1.38,1.94,1.97,[LRB2019] 3774,39.97082000000001,-1.5974199999999998,G,0.2567,D,2021A&A...646A..83R,0.8669102615250348,SIMBAD
942,2727,39.9731475,-1.5980591,0.4001,abell370,0.375,1.08,1.08,17,,1.08,1.08,1.08,1.06,1.06,1.1,1.1,1.11,1.22,2.06,1.05,1.07,1.07,1.07,,1.09,1.09,1.07,,,,[LRB2019] 2526,39.97315,-1.5980599999999998,G,0.369553,D,2021A&A...646A..83R,0.009562144297824562,SIMBAD
949,2742,39.976954,-1.5986188,0.417,abell370,0.375,1.12,1.1,17,,1.12,1.12,1.11,1.08,3.0,1.1,1.1,1.12,3.41,0.36,1.08,1.1,1.1,2.52,,1.06,1.06,1.06,,,,[LRB2019] 2577,39.97696,-1.5986199999999997,G,0.3702,C,2019MNRAS.485.3738L,0.022019520626318994,SIMBAD
956,2767,39.9773536,-1.599578,0.5762,abell370,0.375,1.52,1.4,14,,1.52,1.52,1.49,1.34,1.37,1.38,1.38,1.46,1.44,1.45,1.34,1.39,1.41,1.39,,,,,,,,[LRB2019] 2085,39.97733,-1.59959,G,0.8047,D,2021A&A...646A..83R,0.09528282681124431,SIMBAD
961,2788,39.9529228,-1.5740016,1.6628,abell370,0.375,1.61,2.12,19,1.61,2.88,2.88,2.67,2.12,1.55,1.78,1.78,1.86,2.4,1.91,2.39,2.23,2.32,1.87,1.55,,,,1.34,4.37,2.33,[LRB2019] 9618,39.95315999999999,-1.5739899999999998,G,0.5769,C,2019MNRAS.485.3738L,0.8546186906903939,SIMBAD
965,2798,39.9628766,-1.5738349,1.2255,abell370,0.375,3.43,6.32,22,3.43,7.25,7.25,7.4,7.16,4.77,5.91,5.91,5.75,4.49,4.02,9.37,7.54,8.6,4.17,5.47,5.39,5.39,6.73,9.9,14.1,10.46,[LRB2019] 9485,39.96274999999999,-1.57376,G,0.2315,C,2019MNRAS.485.3738L,0.5294017628367583,SIMBAD
998,2890,39.9820703,-1.5745542,1.4229,abell370,0.375,1.73,4.76,22,1.73,4.76,4.76,4.76,5.03,5.34,6.68,6.68,6.65,4.6,4.25,3.03,4.0,4.43,4.96,2.59,11.5,11.5,6.24,4.2,4.83,4.19,[LRB2019] 9336,39.98188,-1.57469,G,0.3923,C,2019MNRAS.485.3738L,0.8414177746239841,SIMBAD
1004,2908,39.9493788,-1.6052828,7.3864,abell370,0.375,1.86,1.52,9,,1.86,1.86,1.99,1.37,1.32,,,,,1.6,1.23,,1.52,1.38,,,,,,,,[HBH2019] A370-009,39.94931699999999,-1.605278,G,7.1,E,2019ApJ...878...12H,0.22306300617997377,SIMBAD
1023,2994,39.9512804,-1.5765264,1.251,abell370,0.375,2.22,1.91,17,,2.22,2.22,2.1,1.74,1.45,1.3,1.3,1.46,2.06,1.84,2.04,1.91,1.96,1.86,,,,,1.27,4.68,1.92,[LRB2019] 9197,39.95153,-1.57641,G,1.1951,C,2019MNRAS.485.3738L,0.9911576558594615,SIMBAD
1031,3047,39.9626605,-1.5756556,0.5802,abell370,0.375,1.66,1.98,22,1.66,2.03,2.03,2.02,2.06,1.79,1.85,1.85,1.97,1.78,1.68,2.12,2.09,2.15,1.77,1.81,1.98,1.98,1.86,2.21,2.39,2.17,[LBL2018] A370 cluster  8,39.9624136,-1.575567,G?,4.98,E,2018ApJ...862..156L,0.9440205134526188,SIMBAD
1039,3083,39.9819462,-1.5763473,1.1012,abell370,0.375,1.68,3.475,22,1.68,3.48,3.48,3.47,3.85,3.61,4.73,4.73,4.46,3.62,3.43,2.83,3.33,3.52,3.95,1.86,2.62,2.62,3.0,3.41,3.75,3.3,[DSB2018] A370  9.3.1,39.98201666666667,-1.5765333333333331,LeG,1.5182,C,2019MNRAS.485.3738L,0.7161212997048642,SIMBAD
1040,3088,39.9713039,-1.5766004,5.5447,abell370,0.375,1.05,13.13,22,1.05,13.13,13.13,13.24,43.79,6.35,19.92,19.92,37.65,7.41,3.99,338.69,25.53,18.03,3.09,1.55,2.25,2.25,3.06,28.26,61.41,11.65,[DSB2018] A370  9,39.971250000000005,-1.5766666666666669,LeG,1.52,D,2018MNRAS.473.4279D,0.3074636438494173,SIMBAD
1041,3091,39.9690558,-1.5774597,2.8273,abell370,0.375,1.6,7.98,22,1.6,8.3,8.3,8.31,6.79,3.33,12.59,12.59,10.0,3.1,2.3,31.41,14.65,24.54,2.23,1.56,3.29,3.29,3.82,7.66,13.31,10.11,[DSB2018] A370  7.6.1,39.9690375,-1.5774777777777778,LeI,2.7515,D,2021A&A...646A..83R,0.09258667142703048,SIMBAD
1052,3117,39.9866423,-1.5773452,3.9236,abell370,0.375,2.06,3.88,22,2.06,3.88,3.88,3.9,4.33,4.53,4.98,4.98,4.62,4.46,3.93,3.88,3.41,3.64,4.63,2.07,3.6,3.6,3.38,2.4,4.38,3.3,[DSB2018] A370  7.5.1,39.986554166666664,-1.5775805555555555,LeG,2.751,C,2018ApJ...855....4K,0.904695368690615,SIMBAD
1060,3133,39.9710226,-1.5777131,1.5064,abell370,0.375,1.4,5.345,22,1.4,5.34,5.34,5.35,9.91,4.88,11.14,11.14,7.65,5.43,4.63,9.16,7.91,8.08,3.51,2.54,2.91,2.91,3.3,6.48,8.19,4.66,[KIS2018] A370 15.3,39.971027,-1.5777907,EmG,3.70763,C,2021A&A...646A..83R,0.2798083719086256,SIMBAD
1065,3139,39.9625016,-1.5778018,0.4156,abell370,0.375,1.13,1.17,22,1.13,1.18,1.18,1.18,1.18,1.15,1.16,1.16,1.18,1.15,1.13,1.18,1.19,1.19,1.15,1.13,1.14,1.14,1.13,1.19,1.22,1.19,[DSB2018] A370  9.1.1,39.962399999999995,-1.577886111111111,LeG,1.5182,C,2019MNRAS.485.3738L,0.47518768738770684,SIMBAD
1066,3140,39.9648095,-1.5786494,7.422,abell370,0.375,29.69,84.92,22,29.69,106.21,106.21,91.28,166.18,43.91,148.26,148.26,326.6,57.45,18.86,29.21,3076.33,575.79,42.22,17.87,77.61,77.61,47.17,78.56,248.91,115.81,[LBL2018] A370 cluster 20,39.9648215,-1.5786529,G?,5.683,E,2018ApJ...862..156L,0.04498425950844466,SIMBAD
1072,3150,39.9552837,-1.577914,1.5666,abell370,0.375,1.64,2.32,19,1.64,2.88,2.88,2.84,2.4,1.72,1.85,1.85,1.75,2.32,2.07,2.42,2.55,2.65,1.98,1.53,,,,1.59,3.66,2.65,[IKO2018] HFF6C-4926-4404,39.955279,-1.577912,G,8.597,E,2018ApJ...862..156L,0.018382310100621097,SIMBAD
1086,3181,39.9568554,-1.5802402,0.8954,abell370,0.375,1.5,1.78,22,1.5,2.31,2.31,2.28,1.97,1.55,1.6,1.6,1.43,1.82,1.93,2.12,2.09,2.13,1.74,1.42,1.38,1.38,1.46,1.45,2.13,2.11,[LRB2019] 7238,39.95686,-1.58025,G,0.5768,C,2019MNRAS.485.3738L,0.03897054589909849,SIMBAD
1094,3199,39.9851377,-1.5791014,1.4909,abell370,0.375,1.79,2.865,22,1.79,3.07,3.07,3.06,2.95,3.31,2.96,2.96,2.94,3.13,2.74,2.86,2.78,2.85,3.56,1.89,2.63,2.63,2.49,2.02,2.87,2.72,[LBL2018] A370 cluster  2,39.985137,-1.5790966,EmG,5.64793,C,2021A&A...646A..83R,0.017462645206034525,SIMBAD
1099,3213,39.9851266,-1.5792894,1.9531,abell370,0.375,1.9,3.23,22,1.9,3.48,3.48,3.44,3.34,3.74,3.26,3.26,3.26,3.54,3.06,3.19,3.13,3.23,4.14,2.03,2.88,2.88,2.7,2.17,3.23,3.05,[RCL2021] A370  1322,39.98522,-1.5793899999999998,EmG,4.94259,D,2021A&A...646A..83R,0.4940964710318661,SIMBAD
1100,3214,39.9854039,-1.5808245,4.0189,abell370,0.375,3.42,3.72,22,3.42,4.1,4.1,4.13,4.04,3.93,3.06,3.06,3.22,4.25,4.74,3.9,3.74,3.82,5.41,2.62,2.92,2.92,3.0,2.17,3.7,3.61,[KIS2018] A370 17.2,39.985403,-1.5808406000000002,EmG,4.25605,C,2021A&A...646A..83R,0.05805041955799854,SIMBAD
1119,3250,39.9667909,-1.5807638,1.5539,abell370,0.375,5.82,94.77,22,5.82,57.4,57.4,57.31,115.48,64.82,101.94,101.94,242.71,56.39,30.27,12.71,304.11,377.8,135.62,37.05,39689.08,39689.08,3079.04,87.6,68.35,174.73,[LRB2019] 7065,39.96679,-1.5807600000000002,G,0.2702,D,2021A&A...646A..83R,0.014058165291982392,SIMBAD
1122,3256,39.9788413,-1.5809032,3.1362,abell370,0.375,3.44,16.97,22,3.44,15.42,15.42,16.44,18.94,10.57,16.97,16.97,14.11,12.86,17.37,9.35,20.44,17.59,21.41,6.49,204.15,204.15,209.5,21.78,29.81,14.44,[SBH2016] J023954.90-013451.9,39.97875,-1.5810833333333336,G,0.38706,D,2016MNRAS.461..248S,0.726962597979911,SIMBAD
1125,3260,39.9817296,-1.5815376,0.5059,abell370,0.375,1.24,1.435,22,1.24,1.44,1.44,1.44,1.46,1.41,1.42,1.42,1.41,1.46,1.44,1.43,1.44,1.44,1.53,1.72,1.38,1.38,1.45,1.34,1.39,1.42,[LRB2019] 7340,39.981539,-1.5814028,LeG,1.2566,C,2019MNRAS.485.3738L,0.8402104606927712,SIMBAD
1141,3302,39.9687788,-1.5856215,0.4655,abell370,0.375,1.58,1.725,22,1.58,1.87,1.87,1.88,1.72,1.7,1.73,1.73,1.71,1.68,1.72,1.47,1.85,1.83,1.71,1.77,1.68,1.68,1.75,1.65,1.78,1.74,[DSB2018] A370  7.4.1,39.96880833333333,-1.5856333333333337,LeG,2.751,C,2018ApJ...855....4K,0.11449911446965388,SIMBAD
1142,3307,39.9725757,-1.5838916,3.3856,abell370,0.375,5.04,6.57,22,5.04,76.67,76.67,79.07,3.31,2.81,28.26,28.26,28.8,0.01,0.05,88.41,5.99,3.32,7.03,17.04,3.94,3.94,5.27,6.11,10.72,19.62,[LRB2019] 6294,39.972565,-1.5838926,G,0.3748,C,2019MNRAS.485.3738L,0.03867320491371579,SIMBAD
1143,3308,39.968231,-1.584222,0.6783,abell370,0.375,3.1,6.625,22,3.1,6.05,6.05,6.06,7.94,7.91,7.89,7.89,7.31,7.04,6.86,2.83,7.55,7.08,10.06,9.54,6.16,6.16,6.25,5.06,6.39,6.06,[DSB2018] A370  2.3.2,39.968245833333334,-1.5842611111111111,LeI,0.7246,C,2019MNRAS.485.3738L,0.1505789508415751,SIMBAD
1201,3427,39.9672794,-1.5851758,1.0475,abell370,0.375,4.39,38.94,22,4.39,12.29,12.29,12.26,48.72,42.66,608.88,608.88,80.73,39.71,40.11,4.43,41.06,33.05,290.6,38.17,30.54,30.54,308.77,21.33,66.42,16.4,[KIS2018] A370 21.2,39.967252,-1.5849694,LeG,1.257,C,2018ApJ...855....4K,0.7495537649030543,SIMBAD
1216,3485,39.9480445,-1.5869249,5.0934,abell370,0.375,2.27,1.6749999999999998,14,,2.27,2.27,2.23,1.68,1.37,1.1,1.1,1.09,1.81,1.67,1.65,1.86,1.87,1.52,,,,,,,,[VV2006] J023947.5-013512,39.948095833333326,-1.5867305555555558,QSO,1.6,C,2019ApJ...880...54H,0.7236165982716627,SIMBAD
1223,3504,39.9758273,-1.5870564,1.9911,abell370,0.375,3.07,8.86,22,3.07,19.13,19.13,20.58,7.22,6.19,6.65,6.65,6.22,9.56,15.0,7.19,14.35,14.44,15.92,7.9,8.16,8.16,6.4,244.5,38.23,13.98,[KIS2018] A370 18.1,39.97583,-1.5870613,EmG,4.42819,C,2021A&A...646A..83R,0.020138905867271042,SIMBAD
1232,3527,39.9644546,-1.5878639,1.827,abell370,0.375,3.45,9.215,22,3.45,9.49,9.49,10.64,6.96,9.59,9.66,9.66,9.04,7.44,9.7,5.76,11.15,9.39,7.28,19.88,7.73,7.73,6.53,7.49,13.91,7.78,[LBL2018] A370 cluster  6,39.9642971,-1.5878166,G?,4.906,E,2018ApJ...862..156L,0.5918086126437173,SIMBAD
1240,3546,39.9699084,-1.5883736,0.5239,abell370,0.375,1.8,1.8849999999999998,22,1.8,2.08,2.08,2.08,1.88,1.91,1.75,1.75,1.76,1.89,1.89,1.8,2.1,2.06,1.94,1.81,1.81,1.81,1.73,1.81,2.14,2.11,[KIS2018] A370 17.1,39.969758,-1.5885333,EmG,4.25557,C,2021A&A...646A..83R,0.7895980086844628,SIMBAD
1247,3573,39.9759733,-1.5895434,2.0205,abell370,0.375,3.17,22.54,22,3.17,57.42,57.42,103.5,64.24,21.38,22.54,22.54,46.78,40.17,23.21,4.66,133.79,249.54,20.55,4.41,10.08,10.08,12.11,5.8,12.34,36.59,[LRB2019] 4602,39.976042,-1.5893204,G,1.3397,C,2019MNRAS.485.3738L,0.8400047399160908,SIMBAD
1248,3576,39.9685894,-1.5891763,1.6284,abell370,0.375,41.12,24.595,22,41.12,26.07,26.07,25.93,86.1,98.35,18.25,18.25,20.4,23.26,13.56,7.76,15.78,20.34,12.84,426.02,31.11,31.11,30.98,11.05,7.17,120.63,[LRC2017] A370 5.4,39.96858,-1.5890045000000002,LeG,1.2775,D,2017MNRAS.469.3946L,0.619404371434364,SIMBAD
1280,3668,39.980075,-1.5913599,2.2424,abell370,0.375,2.27,4.68,22,2.27,5.33,5.33,5.36,4.75,7.92,3.69,3.69,4.04,5.04,4.39,2.67,4.61,4.61,4.43,121.39,12.84,12.84,22.46,1.64,2.43,6.06,[LRB2019] 3918,39.98008,-1.5913599999999997,EmG,4.16381,C,2021A&A...646A..83R,0.017996658689618777,SIMBAD
1293,3705,39.9804946,-1.5931377,1.8214,abell370,0.375,2.03,3.35,22,2.03,4.07,4.07,4.06,3.3,4.8,2.61,2.61,2.85,3.65,3.25,2.29,3.33,3.37,3.25,119.69,14.33,14.33,26.85,1.32,1.91,4.28,[LRB2019] 3553,39.9803,-1.59328,G,0.7372,C,2019MNRAS.485.3738L,0.867661067529462,SIMBAD
1296,3771,39.9844582,-1.5956458,0.4905,abell370,0.375,1.18,1.21,22,1.18,1.27,1.27,1.26,1.19,1.24,1.18,1.18,1.19,1.24,1.2,1.2,1.2,1.2,1.22,1.51,1.98,1.98,1.69,0.98,1.14,1.23,[SLM2018] A370-clu  1060,39.9844793,-1.59586,EmG,0.36,E,2021MNRAS.508.3860G,0.7748493411673366,SIMBAD
