catalog_index,id,ra,dec,z_source,cluster,z_lens,best_mu,median_mu,n_valid_mu_models,mu_model_000,mu_model_001,mu_model_002,mu_model_003,mu_model_004,mu_model_005,mu_model_006,mu_model_007,mu_model_008,mu_model_009,mu_model_010,mu_model_011,mu_model_012,mu_model_013,mu_model_014,mu_model_015,mu_model_016,mu_model_017,mu_model_018,mu_model_019,mu_model_020,SIMBAD_MAIN_ID,SIMBAD_RA,SIMBAD_DEC,SIMBAD_OTYPE,SIMBAD_ZSPEC,SIMBAD_RVZ_QUAL,SIMBAD_RVZ_BIBCODE,SIMBAD_MATCH_SEP_ARCSEC,ZSPEC_SOURCE
4,18,342.180666,-44.5101691,3.0756,abells1063,0.348,1.56,1.63,19,1.56,1.67,1.63,1.63,1.62,1.37,1.37,1.29,,1.92,1.74,1.8,1.69,1.76,,1.28,1.28,1.34,1.42,1.94,1.78,[BHF2019] RXCJ2248   3122,342.1807,-44.5102,G,2.95,E,2021MNRAS.501.1028Y,0.14139762666926223,SIMBAD
8,46,342.1669392,-44.5112473,1.6872,abells1063,0.348,1.52,1.31,19,1.52,1.36,1.31,1.31,1.31,1.12,1.12,1.1,,1.54,1.54,1.44,1.41,1.41,,1.08,1.08,1.08,1.08,1.73,1.38,[BHF2019] RXCJ2248   3104,342.1669,-44.5112,G,1.43,E,2021MNRAS.501.1028Y,0.19779430257239236,SIMBAD
14,77,342.1992297,-44.5133209,2.0659,abells1063,0.348,2.3,2.72,21,2.3,2.75,2.42,2.42,2.41,2.72,2.72,3.18,2.97,2.8,1.92,2.8,2.74,6.51,5.85,2.32,2.32,2.5,2.51,3.09,3.17,NAME CMC2020 R2248 MR p1 M1 Q4 59 1,342.1991817,-44.5133024,LeG,1.4267,C,2018A&A...613A..72G,0.1400682214329642,SIMBAD
19,100,342.1762321,-44.512699,0.9764,abells1063,0.348,1.36,1.5,21,1.36,1.5,6.9,6.9,5.98,1.32,1.32,1.27,1.59,1.65,1.7,1.52,1.47,3.2,1.41,1.15,1.15,1.18,1.34,1.59,1.52,[BHF2019] RXCJ2248   2887,342.17619999999994,-44.51270000000001,G,1.583,E,2021MNRAS.501.1028Y,0.08248386544357382,SIMBAD
20,107,342.1946324,-44.5128058,1.7219,abells1063,0.348,2.08,2.08,21,2.08,2.24,2.08,2.08,2.07,2.04,2.04,2.39,2.41,2.37,1.86,2.41,2.28,2.43,7.33,1.87,1.87,2.07,1.57,2.16,2.18,NAME CMC2020 GLASS 00093-99-99,342.1945875,-44.51285277777779,LeG,1.4317,C,2020MNRAS.492..821C,0.20466427031289405,SIMBAD
21,109,342.1938898,-44.5128706,2.5318,abells1063,0.348,2.2,2.25,21,2.2,2.43,2.25,2.25,2.24,2.16,2.16,2.52,2.64,2.6,1.98,2.65,2.48,2.66,5.22,2.01,2.01,2.18,1.62,2.31,2.31,[BHF2019] RXCJ2248   2986,342.1938,-44.5128,G,2.2,E,2021MNRAS.501.1028Y,0.34313386785344696,SIMBAD
24,121,342.21158,-44.5136149,2.4947,abells1063,0.348,2.36,2.44,19,,2.36,2.07,2.07,2.08,2.53,2.53,2.42,3.08,2.84,1.52,2.44,2.77,3.63,,1.29,1.29,1.64,3.03,5.12,3.69,[WEC2019] 3,342.2113666666666,-44.513652777777786,G,0.211,D,2019ApJ...877....7W,0.5643692434468841,SIMBAD
26,127,342.1673168,-44.5139265,0.3652,abells1063,0.348,1.03,1.02,21,1.03,1.02,1.14,1.14,1.14,1.01,1.01,1.01,1.03,1.09,1.03,1.02,1.02,1.02,1.01,1.0,1.0,1.0,1.01,1.03,1.02,[DCL2021] RX J2248.7-4431 c,342.16724999999997,-44.51391944444444,G,0.3517,C,2014ApJ...792...45R,0.1733524334553717,SIMBAD
31,154,342.1970853,-44.5133288,4.3472,abells1063,0.348,2.56,3.07,21,2.56,3.07,2.74,2.74,2.73,2.9,2.9,3.65,3.33,3.23,2.08,3.3,3.15,3.38,26.6,2.74,2.74,3.07,2.24,3.2,3.13,[BHF2019] RXCJ2248   2871,342.1971,-44.51330000000001,G,1.34,E,2021MNRAS.501.1028Y,0.1103340058903533,SIMBAD
47,209,342.1928236,-44.5149598,0.3841,abells1063,0.348,1.07,1.1,21,1.07,1.09,1.28,1.28,1.27,1.1,1.1,1.1,1.38,1.68,1.06,1.09,1.09,1.39,1.37,1.08,1.08,1.1,1.12,1.13,1.68,[KCC2017] NE-27,342.19269,-44.51492,G,0.3424,D,2017A&A...599A..28K,0.37168357233942684,SIMBAD
56,249,342.163373,-44.5147559,1.3093,abells1063,0.348,1.57,1.36,21,1.57,1.46,1.36,1.36,1.35,1.14,1.14,1.13,1.54,1.56,1.61,1.47,1.43,1.42,1.17,1.08,1.08,1.07,1.21,1.83,1.51,[BHF2019] RXCJ2248   2922,342.1634,-44.5148,G,1.55,E,2021MNRAS.501.1028Y,0.1732300924652987,SIMBAD
59,257,342.2053612,-44.5155148,3.7277,abells1063,0.348,3.54,4.23,21,3.54,4.61,3.45,3.45,3.45,5.67,5.67,4.23,5.4,4.73,1.95,3.93,4.39,5.57,1.33,2.82,2.82,3.25,29.93,16.9,11.11,[BVR2013] J224849.28-443055.8,342.2053289,-44.5154793,LeG,3.5457,C,2018A&A...613A..72G,0.15234070364743094,SIMBAD
65,284,342.1759131,-44.5165018,1.5968,abells1063,0.348,1.58,1.82,21,1.58,1.86,1.76,1.76,1.75,2.03,2.03,1.99,2.02,1.98,2.2,1.98,1.82,1.87,1.88,1.37,1.37,1.65,1.3,1.54,1.73,NAME CMC2020 R2248 LRb p1 M3 Q4 58 2,342.175906,-44.51650300000001,LeG,1.4199,C,2020MNRAS.492..821C,0.01873051006617239,SIMBAD
68,291,342.162159,-44.5162493,1.2235,abells1063,0.348,1.5,1.32,21,1.5,1.38,1.32,1.32,1.32,1.13,1.13,1.12,1.5,1.52,1.62,1.45,1.42,1.4,1.19,1.09,1.09,1.07,1.14,1.78,1.38,[BHF2019] RXCJ2248   2798,342.1622,-44.5163,G,1.485,E,2021MNRAS.501.1028Y,0.2106901756918006,SIMBAD
69,293,342.1817283,-44.511778,0.5085,abells1063,0.348,1.17,1.51,21,1.17,1.21,75.84,75.84,26.57,1.51,1.51,1.54,5.36,1.25,1.2,1.13,3.99,0.28,1.18,1.09,1.09,1.12,6.76,8.39,27.04,[GVR2012] 1199,342.181683,-44.511773,GiC,0.5341,D,2012AJ....144...79G,0.117678172397779,SIMBAD
73,305,342.1856441,-44.5160755,1.2586,abells1063,0.348,1.8,2.13,21,1.8,2.24,2.08,2.08,2.07,2.13,2.13,1.93,2.34,2.29,4.34,2.35,2.12,2.25,6.06,2.67,2.67,3.18,1.74,2.0,2.01,[BHF2019] RXCJ2248   2817,342.1856,-44.5161,G,1.15,E,2021MNRAS.501.1028Y,0.14350775028344628,SIMBAD
74,307,342.2108859,-44.5132518,1.7702,abells1063,0.348,2.2,2.26,19,,2.2,1.96,1.96,1.97,2.4,2.4,2.25,2.81,2.58,1.47,2.26,2.47,3.15,,1.27,1.27,1.52,2.84,3.97,3.25,[BHF2019] RXCJ2248   2983,342.2109,-44.51330000000001,G,1.56,E,2021MNRAS.501.1028Y,0.17725508744136503,SIMBAD
76,317,342.1835974,-44.5164592,2.0682,abells1063,0.348,1.86,2.56,21,1.86,2.67,2.4,2.4,2.39,2.46,2.46,2.2,2.8,2.67,6.19,2.73,2.38,2.56,4.67,3.03,3.03,3.83,1.95,2.23,2.57,[BHF2019] RXCJ2248   2755,342.18355416666657,-44.51648333333334,G,1.241,E,2019ApJ...877....7W,0.14094132950605798,SIMBAD
91,419,342.1739949,-44.514093,0.3748,abells1063,0.348,1.04,1.04,21,1.04,1.04,1.04,1.04,1.03,1.03,1.03,1.03,1.05,1.05,1.05,1.04,1.04,1.04,1.04,1.01,1.01,1.01,1.02,1.04,1.04,[BHF2019] RXCJ2248   3001,342.173965,-44.514089,LeG,5.98,E,2022MNRAS.514.1148Y,0.0780948190257134,SIMBAD
99,446,342.1737521,-44.5142557,2.8152,abells1063,0.348,1.63,1.63,21,1.63,1.72,1.61,1.61,1.61,1.62,1.62,1.56,1.9,1.92,2.23,1.85,1.72,1.76,1.72,1.23,1.23,1.29,1.26,1.75,1.67,[BHF2019] RXCJ2248   3001,342.173965,-44.514089,LeG,5.98,E,2022MNRAS.514.1148Y,0.8116895375513236,SIMBAD
100,454,342.169966,-44.5189176,1.9347,abells1063,0.348,1.84,1.84,21,1.84,1.84,1.7,1.7,1.7,1.88,1.88,1.87,1.97,1.97,3.07,1.99,1.84,1.86,1.61,1.4,1.4,1.32,1.18,1.31,1.7,[TSB2015] GLASS RXJ2248-00331,342.169955,-44.518922,LeG,1.93,D,2020ApJ...900..183W,0.03237517456806058,SIMBAD
102,456,342.1670453,-44.5187733,1.3707,abells1063,0.348,1.69,1.52,21,1.69,1.61,1.52,1.52,1.51,1.46,1.46,1.46,1.73,1.73,2.81,1.72,1.64,1.63,1.39,1.23,1.23,1.16,1.13,1.36,1.54,NAME CMC2020 GLASS 00333-99-99,342.16720833333335,-44.518861111111114,LeG,1.4285,C,2020MNRAS.492..821C,0.5244637648221636,SIMBAD
105,465,342.1590489,-44.5189612,0.9684,abells1063,0.348,1.66,1.3,21,1.66,1.34,1.3,1.3,1.3,1.13,1.13,1.12,1.45,1.47,1.47,1.41,1.39,1.36,1.24,1.1,1.1,1.07,1.14,1.63,1.34,[BHF2019] RXCJ2248   2687,342.159,-44.519,G,1.14,E,2021MNRAS.501.1028Y,0.18779165120608715,SIMBAD
114,489,342.1635523,-44.5147011,1.1119,abells1063,0.348,1.52,1.33,21,1.52,1.43,1.33,1.33,1.33,1.12,1.12,1.12,1.49,1.51,1.55,1.43,1.4,1.39,1.15,1.07,1.07,1.07,1.19,1.74,1.47,[BHF2019] RXCJ2248   2910,342.16349999999994,-44.5147,G,1.481,E,2021MNRAS.501.1028Y,0.1343153198128426,SIMBAD
116,497,342.1691572,-44.5195829,5.1909,abells1063,0.348,2.0,2.0,21,2.0,2.07,1.86,1.86,1.86,2.06,2.06,2.07,2.23,2.22,4.03,2.28,2.07,2.09,1.71,1.56,1.56,1.38,1.22,1.34,1.89,[LBL2018] AS1063 cluster  1,342.169158,-44.5195842,G?,4.907,E,2018ApJ...862..156L,0.005110689182955737,SIMBAD
120,505,342.1636406,-44.5154991,6.1021,abells1063,0.348,1.63,1.48,21,1.63,1.62,1.48,1.48,1.48,1.23,1.23,1.22,1.77,1.8,1.93,1.7,1.63,1.62,1.28,1.15,1.15,1.13,1.23,2.21,1.66,[BHF2019] RXCJ2248   2752,342.1636,-44.5155,G,1.19,E,2021MNRAS.501.1028Y,0.1042713187778236,SIMBAD
122,512,342.1713012,-44.5198001,5.9127,abells1063,0.348,1.77,2.04,21,1.77,2.3,2.04,2.04,2.04,2.58,2.58,2.61,2.44,2.43,3.9,2.54,2.24,2.29,1.87,1.95,1.95,1.78,1.28,1.35,2.03,CLASH RXJ2248-4431  401,342.17129166666666,-44.51983611111111,LeG,6.11,C,2018ApJ...855....4K,0.13192926786259704,SIMBAD
127,522,342.1581727,-44.5200665,1.2508,abells1063,0.348,1.9,1.37,21,1.9,1.43,1.37,1.37,1.37,1.19,1.19,1.17,1.55,1.58,1.55,1.5,1.48,1.44,1.36,1.14,1.14,1.09,1.27,1.74,1.43,NAME CMC2020 R2248 LRb p3 M4 Q3 93  1,342.15819166666665,-44.52005833333333,LeG,1.485,C,2020MNRAS.492..821C,0.0568725759316124,SIMBAD
135,567,342.2013811,-44.520769,0.4656,abells1063,0.348,1.38,1.71,21,1.38,1.45,1.85,1.85,1.82,1.72,1.72,1.64,2.89,1.76,1.21,1.44,1.41,4.88,2.47,1.71,1.71,1.44,1.56,1.49,166.8,[KCC2017] NE-43,342.20122,-44.52067,G,0.3459,D,2017A&A...599A..28K,0.545904053033528,SIMBAD
137,571,342.2046592,-44.5216987,0.4733,abells1063,0.348,1.32,2.96,21,1.32,12.06,2.96,2.96,2.84,1.67,1.67,1.55,4.42,1.3,1.28,29.01,4.69,4.12,4.5,1.41,1.41,1.66,3.22,3.19,82.92,[GVR2012] 637,342.204623,-44.521691,GiC,0.3567,D,2012AJ....144...79G,0.09696298054505509,SIMBAD
138,574,342.1587375,-44.5158246,6.0986,abells1063,0.348,1.98,1.38,21,1.98,1.45,1.38,1.38,1.37,1.11,1.11,1.1,1.64,1.68,1.66,1.56,1.53,1.5,1.25,1.12,1.12,1.1,1.14,2.21,1.48,[BHF2019] RXCJ2248   2888,342.15869999999995,-44.51579999999999,G,2.89,E,2021MNRAS.501.1028Y,0.13080282772048346,SIMBAD
142,586,342.1864624,-44.521187,1.3598,abells1063,0.348,3.24,5.52,21,3.24,6.99,5.52,5.52,5.53,5.19,5.19,4.95,5.61,5.26,7.59,6.25,4.91,5.56,4.51,5.98,5.98,5.54,3.48,4.82,4.89,[MSG2014] 2c,342.18642,-44.52116,LeG,1.229,D,2016A&A...587A..80C,0.14591787936019726,SIMBAD
154,621,342.1797486,-44.5215724,1.4118,abells1063,0.348,2.13,3.03,21,2.13,3.28,2.93,2.93,2.92,3.48,3.48,3.73,3.27,3.3,4.26,3.53,2.92,3.1,1.62,3.03,3.03,2.8,1.95,2.66,2.48,[KIS2018] AS1063 2.3,342.179742,-44.521566,LeI,1.259,C,2018ApJ...855....4K,0.02859762540194917,SIMBAD
155,622,342.1904098,-44.5163154,0.5194,abells1063,0.348,1.32,1.4,21,1.32,1.43,1.38,1.38,1.38,1.39,1.39,1.36,1.45,1.43,1.42,1.45,1.4,1.45,2.72,1.46,1.46,1.46,1.3,1.33,1.39,[KCC2017] NE-31,342.19019,-44.51652,G,0.3428,D,2017A&A...599A..28K,0.9278291618015989,SIMBAD
156,623,342.19294,-44.5220526,0.3615,abells1063,0.348,1.06,1.06,21,1.06,1.06,1.09,1.09,1.09,1.06,1.06,1.06,1.06,1.15,1.05,1.07,1.06,1.06,1.05,1.07,1.07,1.08,1.04,1.04,1.07,[KCC2017] NE-32,342.19293,-44.52207,G,0.3431,D,2017A&A...599A..28K,0.06769475477227244,SIMBAD
161,641,342.1866596,-44.5224796,0.4338,abells1063,0.348,1.3,2.14,21,1.3,3.31,2.2,2.2,2.16,1.54,1.54,1.56,3.03,16.26,1.55,6.59,4.59,3.32,1.27,1.42,1.42,1.33,1.98,2.14,19.11,[KCC2017] NE-18,342.18662,-44.522471,GiC,0.3388,D,2017A&A...599A..28K,0.10625240261244172,SIMBAD
163,648,342.1966575,-44.5226021,0.5903,abells1063,0.348,2.27,2.44,21,2.27,2.44,2.22,2.22,2.22,2.63,2.63,2.51,2.45,4.06,1.57,2.44,2.25,2.46,2.29,3.07,3.07,2.95,2.17,1.89,3.03,[RBB2014] J224847.17-443121.0,342.196579,-44.5225,G,0.2414,C,2014ApJ...792...45R,0.4191625027076444,SIMBAD
164,649,342.1972769,-44.523272,0.3921,abells1063,0.348,1.18,1.28,21,1.18,2.08,1.68,1.68,1.66,1.26,1.26,1.25,3.02,0.54,1.12,3509.81,7.16,2.38,1.22,1.28,1.28,1.24,1.25,1.22,3.93,[KCC2017] NE-69,342.197233,-44.523265,GiC,0.351,D,2017A&A...599A..28K,0.11546068695639776,SIMBAD
169,668,342.2032108,-44.522471,6.7289,abells1063,0.348,7.58,22.8,21,7.58,34.36,41.07,41.07,43.76,22.8,22.8,15.02,8.44,52.22,3.11,124.93,36.4,22.1,3.43,26.04,26.04,6.0,3.08,7.28,6.2,[IKO2018] HFF5C-4877-1209,342.20321,-44.522476,G,6.16,E,2018ApJ...854...73I,0.01811674156793499,SIMBAD
170,671,342.1546147,-44.5225605,1.8711,abells1063,0.348,32.81,1.57,19,32.81,1.72,1.54,1.54,1.53,1.37,1.37,1.32,,1.78,1.58,1.66,1.63,1.57,,1.21,1.21,1.12,2.03,1.96,1.84,NAME CMC2020 R2248 LRb p3 M4 Q3 94 1,342.1546074,-44.5225565,LeG,2.0659,C,2018A&A...613A..72G,0.023631207688163434,SIMBAD
174,677,342.1616751,-44.5228637,1.6567,abells1063,0.348,2.3,1.67,21,2.3,1.76,1.63,1.63,1.63,1.67,1.67,1.58,1.9,1.9,2.23,1.85,1.78,1.73,2.1,1.36,1.36,1.21,1.35,1.53,1.7,[BHF2019] RXCJ2248   2405,342.1617,-44.5229,G,1.419,E,2021MNRAS.501.1028Y,0.14547108493632557,SIMBAD
175,678,342.1921003,-44.5228276,0.4077,abells1063,0.348,1.31,1.31,21,1.31,1.33,1.42,1.42,1.41,1.31,1.31,1.3,1.31,1.31,1.24,1.33,1.29,1.33,1.19,1.33,1.33,1.36,1.22,1.22,1.64,[KCC2017] NE-13,342.19207,-44.52283,G,0.3368,D,2017A&A...599A..28K,0.07824935116320825,SIMBAD
176,680,342.1796224,-44.5230514,0.3694,abells1063,0.348,1.05,1.08,21,1.05,1.08,1.17,1.17,1.17,1.12,1.12,1.13,1.37,1.52,1.07,1.09,1.08,1.08,1.04,1.07,1.07,1.06,1.05,1.07,1.07,[KCC2017] NE-19,342.1796,-44.52307,G,0.339,D,2017A&A...599A..28K,0.08825629918240785,SIMBAD
177,682,342.1789129,-44.5247148,0.5395,abells1063,0.348,1.57,1.96,21,1.57,1.95,5.33,5.33,4.94,2.03,2.03,2.12,0.39,8.75,1.77,1.96,1.81,1.02,1.35,1.82,1.82,1.55,2.2,2.85,75.81,[KCC2017] NE-71,342.17891,-44.52472,G,0.3515,D,2017A&A...599A..28K,0.020145453273965733,SIMBAD
178,684,342.17891,-44.5236029,1.6131,abells1063,0.348,2.75,4.26,21,2.75,4.8,4.26,4.26,4.24,5.02,5.02,5.66,4.7,4.87,4.78,5.19,4.01,4.33,1.77,3.66,3.66,2.83,2.24,4.05,3.36,[BHF2019] RXCJ2248   2341,342.1789,-44.5236,LeG,1.45,E,2014MNRAS.438.1417M,0.027708644520640553,SIMBAD
180,686,342.1779597,-44.5240621,0.4745,abells1063,0.348,1.27,1.76,21,1.27,12.61,6.15,6.15,5.53,1.66,1.66,1.72,1.21,20.97,1.43,4.4,9.52,4.74,1.2,1.43,1.43,1.34,1.76,2.05,38.62,[KCC2017] NE-46,342.17794,-44.52407,G,0.3464,D,2017A&A...599A..28K,0.05801236256618362,SIMBAD
188,706,342.2057875,-44.5233305,0.6495,abells1063,0.348,1.61,1.9,21,1.61,1.89,1.75,1.75,1.75,2.11,2.11,1.72,2.19,1.94,1.5,1.9,1.88,2.07,13.16,1.63,1.63,2.3,2.19,2.04,2.14,[KCC2017] NE-84,342.20568,-44.52325,G,0.4386,D,2017A&A...599A..28K,0.4001432040821092,SIMBAD
197,730,342.1959,-44.5234555,5.834,abells1063,0.348,3.52,4.36,21,3.52,3.93,4.84,4.84,4.72,3.92,3.92,3.98,4.14,4.66,8.23,4.9,4.12,4.36,5.48,4.9,4.9,7.93,1.92,3.2,2.33,[KCC2017] NE-22,342.19589,-44.52368,G,0.34,D,2017A&A...599A..28K,0.8086074549197111,SIMBAD
198,733,342.189167,-44.5236786,0.4496,abells1063,0.348,1.59,1.63,21,1.59,1.67,2.21,2.21,2.2,1.67,1.67,1.69,1.62,1.63,1.56,1.67,1.59,1.66,1.39,1.6,1.6,1.6,1.46,1.51,4.09,[KCC2017] NE-21,342.18917,-44.52368,G,0.3397,D,2017A&A...599A..28K,0.009202783598600064,SIMBAD
201,753,342.1900247,-44.5241232,0.4682,abells1063,0.348,1.89,1.88,21,1.89,1.88,3.73,3.73,3.65,1.88,1.88,1.91,2.65,26.32,1.67,1.88,1.78,112.84,1.49,1.81,1.81,1.81,1.63,1.67,18.75,[KCC2017] NE-74,342.19002,-44.52413,G,0.353,D,2017A&A...599A..28K,0.027290864005614694,SIMBAD
202,754,342.1890233,-44.524694,0.4327,abells1063,0.348,1.63,1.67,21,1.63,1.63,8.56,8.56,7.59,1.67,1.67,1.69,2.3,2.32,1.48,1.63,1.57,3.52,1.38,1.63,1.63,1.67,1.53,1.57,17.4,[KCC2017] NE-15,342.18901,-44.5247,G,0.3382,D,2017A&A...599A..28K,0.04039584069532709,SIMBAD
207,765,342.1932697,-44.5241328,0.3669,abells1063,0.348,1.11,1.11,21,1.11,1.11,1.13,1.13,1.13,1.1,1.1,1.1,1.1,1.1,1.08,1.11,1.1,1.11,1.06,1.11,1.11,1.13,1.08,1.07,1.23,[KCC2017] NE-20,342.19327,-44.52413,G,0.339,D,2017A&A...599A..28K,0.0101093662937161,SIMBAD
214,784,342.16379,-44.5243007,0.3877,abells1063,0.348,1.07,1.07,21,1.07,1.07,1.07,1.07,1.07,1.09,1.09,1.07,1.08,1.08,1.09,1.08,1.08,1.07,1.1,1.05,1.05,1.03,1.03,1.04,1.06,[IKO2018] HFF5C-3930-1274,342.163789,-44.524303,G,5.734,E,2018ApJ...862..156L,0.008668678986824862,SIMBAD
216,808,342.1967047,-44.5290987,0.4121,abells1063,0.348,1.2,1.33,21,1.2,1.31,1.48,1.48,1.47,1.33,1.33,1.33,1.72,1.59,1.23,1.32,1.29,1.3,1.2,1.33,1.33,1.31,1.23,1.26,2.1,[KCC2017] NE-79,342.1967,-44.52909,G,0.3572,D,2017A&A...599A..28K,0.033562455758340354,SIMBAD
217,810,342.1952413,-44.5279903,1.1385,abells1063,0.348,9.55,31.33,21,9.55,44.88,28.32,28.32,28.14,66.15,66.15,32.83,42.9,45.13,6.66,62.74,42.68,31.33,10.31,27.32,27.32,54.62,9.62,21.0,203.24,[KCC2017] NE-88d,342.1952,-44.52786,G,1.2279,D,2017A&A...599A..28K,0.48090648190375307,SIMBAD
219,814,342.1933123,-44.5264378,0.3974,abells1063,0.348,1.29,1.96,21,1.29,4.44,2.35,2.35,2.28,1.42,1.42,1.44,2.06,3.04,1.28,4.75,1.79,2.47,1.22,1.34,1.34,1.32,1.98,1.96,4.69,[KCC2017] NE-39,342.193271,-44.526427,GiC,0.3448,D,2017A&A...599A..28K,0.11290362345102999,SIMBAD
222,823,342.1893178,-44.5189339,0.8146,abells1063,0.348,2.05,2.52,21,2.05,2.53,2.44,2.44,2.42,2.52,2.52,2.38,2.48,2.53,3.19,2.58,2.34,2.52,4.33,2.66,2.66,3.52,2.02,2.04,2.26,[KCC2017] NE-94a,342.18935,-44.51871,G,3.2857,D,2017A&A...599A..28K,0.8102666530670302,SIMBAD
226,831,342.1924147,-44.5250537,2.8008,abells1063,0.348,1.48,4.04,21,1.48,4.58,4.41,4.41,4.43,4.34,4.34,4.48,4.04,4.04,73.17,5.41,3.87,4.3,3.27,3.54,3.54,2.61,1.73,2.99,2.65,[KIS2018] AS1063 44.2,342.192403,-44.525046999999994,LeI,2.976,C,2018ApJ...855....4K,0.038516582950314224,SIMBAD
230,838,342.2003078,-44.5252078,0.4141,abells1063,0.348,1.21,1.79,21,1.21,2.66,2.11,2.11,2.05,1.39,1.39,1.36,2.43,0.88,1.4,2.09,1.79,2.81,1.46,1.36,1.36,1.4,2.16,2.09,8.16,[KCC2017] NE-75,342.200265,-44.525199,GiC,0.3528,C,2014ApJ...792...45R,0.11432702976878917,SIMBAD
231,839,342.208499,-44.5256272,0.4353,abells1063,0.348,5.17,2.16,20,,5.17,3.76,3.76,3.52,1.37,1.37,1.31,2.85,8.27,1.18,22.98,5.77,2.73,1.59,1.08,1.08,1.23,1.58,1.59,20.24,[RBB2014] J224850.03-443132.1,342.208454,-44.525619,GiC,0.3491,C,2014ApJ...792...45R,0.11920866605888293,SIMBAD
238,858,342.2036359,-44.5249988,0.9349,abells1063,0.348,2.26,3.34,21,2.26,3.77,3.05,3.05,3.04,5.72,5.72,4.06,3.87,3.34,2.3,3.22,3.17,3.5,8.22,3.11,3.11,4.84,4.46,3.17,4.61,[KCC2017] NE-86,342.20357,-44.52496,G,0.7048,D,2017A&A...599A..28K,0.21935932226593674,SIMBAD
242,869,342.1829588,-44.5249217,0.3781,abells1063,0.348,1.12,1.18,21,1.12,1.17,1.36,1.36,1.35,1.19,1.19,1.19,1.24,1.41,1.12,1.18,1.16,1.17,1.12,1.17,1.17,1.19,1.14,1.17,1.43,[KCC2017] NE-24,342.18295,-44.52495,G,0.3406,D,2017A&A...599A..28K,0.10435356574407845,SIMBAD
250,894,342.1918697,-44.5296569,0.4355,abells1063,0.348,1.4,1.7,21,1.4,1.68,2.35,2.35,2.31,1.76,1.76,1.78,2.5,21.61,1.44,1.69,1.63,4.76,1.36,1.64,1.64,1.57,1.67,1.7,9.84,[KCC2017] NE-12,342.19189,-44.52967,G,0.3366,D,2017A&A...599A..28K,0.0702726697353671,SIMBAD
253,903,342.1799236,-44.5256534,6.5862,abells1063,0.348,26.74,31.06,21,26.74,54.29,27.34,27.34,26.17,95.7,95.7,160.08,26.09,37.88,8.4,80.41,25.09,31.06,5.24,111.36,111.36,84.78,6.75,141.45,14.54,[BHF2019] RXCJ2248   2086,342.179848,-44.525661,LeG,8.21,E,2018ApJ...854...73I,0.195952282847242,SIMBAD
256,921,342.1924785,-44.5304993,1.4781,abells1063,0.348,50.78,31.92,21,50.78,23.11,26.85,26.85,28.7,24.2,24.2,30.91,40.55,46.09,11.56,33.67,27.35,56.87,31.92,81.27,81.27,70.87,9.21,45.54,84.84,NAME CMC2020 R2248 MR p1 M1 Q4 51 1,342.192484,-44.530663,LeG,1.2593,C,2020MNRAS.492..821C,0.5894890110773312,SIMBAD
259,931,342.1694171,-44.5272314,1.3927,abells1063,0.348,2.38,3.03,21,2.38,3.22,2.83,2.83,2.82,3.18,3.18,3.12,3.17,3.17,3.21,3.48,3.03,2.96,2.94,3.67,3.67,2.51,1.7,2.21,2.45,[JSB2014] AS1063 7.1,342.16939,-44.527251,LeG,1.837,C,2018ApJ...855....4K,0.099076845598084,SIMBAD
260,933,342.1741805,-44.5283698,1.6241,abells1063,0.348,5.48,7.93,21,5.48,10.46,7.93,7.93,7.84,8.45,8.45,9.03,7.88,8.49,8.56,11.63,8.37,7.97,4.95,6.18,6.18,5.91,3.42,7.81,5.3,NAME CMC2020 MUSE SW 462-99-99,342.1742,-44.52837,LeG,1.4285,C,2018A&A...613A..72G,0.050050991213786575,SIMBAD
261,934,342.1744968,-44.5290008,0.5008,abells1063,0.348,1.59,1.97,21,1.59,1.92,3.26,3.26,3.15,1.97,1.97,2.02,1.77,45.65,1.73,1.98,1.85,5.05,1.56,1.76,1.76,1.73,1.79,2.21,360.8,[KCG2015] 14,342.17446666666666,-44.52899166666666,G,0.346,D,2015A&A...574A..11K,0.08403442229362261,SIMBAD
262,936,342.1982205,-44.5274148,0.3842,abells1063,0.348,1.13,1.19,21,1.13,1.17,2.17,2.17,2.11,1.17,1.17,1.17,1.29,1.35,1.21,1.17,1.15,1.41,1.16,1.19,1.19,1.21,1.15,1.14,1.65,[KCC2017] NE-80,342.19823,-44.52741,G,0.3606,D,2017A&A...599A..28K,0.029884199865129576,SIMBAD
270,950,342.179381,-44.5279065,0.4311,abells1063,0.348,1.51,1.79,21,1.51,1.64,4.2,4.2,3.97,1.79,1.79,1.81,0.32,1.16,1.34,5.15,8.91,6.79,1.55,1.57,1.57,1.84,1.71,1.8,6.25,[KCC2017] NE-7,342.179416,-44.528183,GiC,0.3275,D,2017A&A...599A..28K,0.9994448095799006,SIMBAD
271,951,342.1796607,-44.5285242,0.664,abells1063,0.348,5.06,5.56,21,5.06,6.08,5.56,5.56,5.51,7.63,7.63,7.71,4.86,14.66,2.27,6.66,5.44,5.39,5.45,5.41,5.41,13.29,5.72,5.17,131.1,[KCC2017] NE-68,342.17961,-44.52858,G,0.351,D,2017A&A...599A..28K,0.23934003361450387,SIMBAD
272,955,342.1912525,-44.5266761,5.2963,abells1063,0.348,0.98,2.59,21,0.98,2.63,2.59,2.59,2.65,3.07,3.07,3.31,2.52,2.73,67.67,3.29,2.43,2.73,1.42,2.57,2.57,2.56,0.94,1.72,1.48,[KIS2018] AS1063 70.2,342.190991,-44.526777,LeI,3.713,C,2018ApJ...855....4K,0.7631385173620044,SIMBAD
273,962,342.1841368,-44.5279827,4.4404,abells1063,0.348,1.14,4.93,21,1.14,13.97,3.02,3.02,3.25,7.63,7.63,8.14,4.93,3.4,112.47,14.6,5.16,6.69,1.94,2.66,2.66,5.61,2.06,5.57,0.92,[KCC2017] NE-10,342.18425827971,-44.52807285395001,G,0.333,D,2017A&A...599A..28K,0.45004250885431185,SIMBAD
275,969,342.1633669,-44.5297192,1.6919,abells1063,0.348,2.29,3.09,21,2.29,3.13,2.71,2.71,2.7,4.34,4.34,3.28,3.2,3.14,2.5,3.21,2.93,2.73,7.09,6.57,6.57,3.09,1.61,2.19,2.3,[BHF2019] RXCJ2248   1818,342.1634,-44.5297,G,1.597,E,2021MNRAS.501.1028Y,0.10951561472660845,SIMBAD
276,970,342.1604316,-44.5284855,0.3781,abells1063,0.348,1.05,1.06,21,1.05,1.06,1.06,1.06,1.06,1.09,1.09,1.07,1.07,1.09,1.06,1.07,1.06,1.06,1.12,1.1,1.1,1.04,1.02,1.05,1.06,[GVR2012] 1610,342.16037499999993,-44.528461111111106,G,0.459,D,2016ApJ...833..178V,0.16973383562342115,SIMBAD
277,971,342.1619155,-44.5299715,0.4098,abells1063,0.348,1.11,1.31,21,1.11,47.21,24.33,24.33,43.53,1.31,1.31,1.28,2.54,1.95,1.15,9.51,2.38,2.48,1.27,1.25,1.25,1.14,1.06,1.12,1.13,[GVR2012] 1015,342.161854,-44.529966,GiC,0.347,D,2012AJ....144...79G,0.15906956138576744,SIMBAD
287,999,342.1695305,-44.5286293,0.6233,abells1063,0.348,1.61,1.9,21,1.61,1.96,1.84,1.84,1.83,1.92,1.92,1.9,1.92,1.92,2.38,2.04,1.9,1.87,2.32,2.17,2.17,1.89,1.37,1.65,1.7,[KIS2018] AS1063 59.3,342.169528,-44.528625,LeI,1.875,C,2018ApJ...855....4K,0.016756991302820025,SIMBAD
294,1012,342.1939514,-44.5288091,1.8867,abells1063,0.348,7.35,8.41,21,7.35,8.81,8.21,8.21,8.41,7.83,7.83,8.72,8.39,8.74,23.21,9.94,7.95,9.62,16.5,10.52,10.52,10.35,2.95,7.56,6.79,[ZFM2015] RXJ2248 4.2,342.19393,-44.528695,LeG,1.75,E,2014MNRAS.438.1417M,0.41441545804626634,SIMBAD
295,1023,342.1827377,-44.5204325,1.7458,abells1063,0.348,2.23,3.68,21,2.23,4.16,3.47,3.47,3.47,3.69,3.69,3.63,4.0,3.88,4.51,4.21,3.39,3.69,2.16,4.58,4.58,3.68,2.67,3.35,3.25,[KCC2017] NE-93a,342.18283,-44.52028,G,3.169,D,2017A&A...599A..28K,0.5979383230324734,SIMBAD
296,1024,342.2084843,-44.5292364,1.6307,abells1063,0.348,2.26,2.17,20,,2.26,2.17,2.17,2.17,2.05,2.05,1.95,2.6,2.48,2.07,2.47,2.56,2.54,31.89,1.5,1.5,1.69,2.02,2.42,2.14,[BHF2019] RXCJ2248   1827,342.2084851,-44.5292163,LeG,1.6372,C,2018A&A...613A..72G,0.07238912176947873,SIMBAD
301,1037,342.1829126,-44.5203107,0.7557,abells1063,0.348,1.64,2.1,21,1.64,2.24,2.06,2.06,2.07,2.13,2.13,2.1,2.23,2.19,2.23,2.27,2.05,2.14,1.62,2.38,2.38,2.06,1.81,1.98,2.0,[KCC2017] NE-93a,342.18283,-44.52028,G,3.169,D,2017A&A...599A..28K,0.23909503409224842,SIMBAD
302,1038,342.20442,-44.524598,0.4326,abells1063,0.348,1.22,1.28,21,1.22,1.29,1.25,1.25,1.25,1.32,1.32,1.24,1.32,1.29,1.25,1.28,1.27,1.3,2.11,1.26,1.26,1.32,1.28,1.26,1.33,[KCC2017] NE-81,342.20442,-44.52459,G,0.3799,D,2017A&A...599A..28K,0.028799999976475428,SIMBAD
303,1041,342.1952015,-44.5292454,0.7176,abells1063,0.348,2.73,3.73,21,2.73,3.92,1.69,1.69,1.76,4.23,4.23,4.12,3.75,3.81,3.02,4.08,3.72,3.73,2.2,3.92,3.92,5.54,3.28,3.18,3.57,[KCC2017] NE-25,342.19517,-44.52925,G,0.341,D,2017A&A...599A..28K,0.0825206959744135,SIMBAD
305,1052,342.193306,-44.529408,1.7417,abells1063,0.348,7.16,9.67,21,7.16,9.97,8.81,8.81,9.09,8.95,8.95,9.83,9.67,10.19,17.88,11.82,9.27,11.26,44.95,11.57,11.57,13.51,3.49,9.32,7.72,[MSG2014] 13b,342.19332,-44.529418,LeG,1.258,C,2018ApJ...855....4K,0.0508619911446742,SIMBAD
307,1057,342.2041815,-44.5252409,0.4061,abells1063,0.348,1.15,1.55,21,1.15,9.55,2.21,2.21,2.14,1.35,1.35,1.31,0.33,2.44,1.17,14.09,43.76,3.02,1.63,1.19,1.19,1.26,1.55,1.55,5.36,[KCC2017] NE-66,342.204147,-44.525236,GiC,0.3503,D,2017A&A...599A..28K,0.09028733555980856,SIMBAD
309,1077,342.1900317,-44.5301001,0.8474,abells1063,0.348,9.22,56.29,21,9.22,35.89,47.63,47.63,56.29,58.15,58.15,38.78,83.41,128.86,3.9,2125.35,93.24,183.2,103.85,136.3,136.3,19.78,6.96,45.34,20.01,[KCC2017] NE-87c,342.1901,-44.5301,G,0.7287,D,2017A&A...599A..28K,0.17528382807917828,SIMBAD
314,1112,342.1934149,-44.5303011,5.5721,abells1063,0.348,5.8,7.89,21,5.8,7.89,7.12,7.12,7.28,7.88,7.88,8.54,7.84,8.52,18.86,9.51,7.03,8.99,9.28,9.15,9.15,10.06,3.43,6.37,11.1,[MSG2014] 13a,342.19368,-44.530122,LeG,1.258,C,2018ApJ...855....4K,0.9373284510076256,SIMBAD
315,1121,342.1917179,-44.5305196,2.8751,abells1063,0.348,4.6,8.33,21,4.6,7.4,7.19,7.19,7.35,8.33,8.33,9.35,7.74,8.51,17.63,9.25,6.8,8.65,4.6,9.42,9.42,11.43,2.97,7.37,9.84,[MSG2014] 15b,342.19170833333334,-44.53053333333333,LeG,3.06,C,2018ApJ...855....4K,0.055200442138761935,SIMBAD
324,1151,342.1902259,-44.5309485,6.5534,abells1063,0.348,2.16,6.98,21,2.16,8.32,6.74,6.74,6.82,9.74,9.74,11.51,6.64,7.78,105.81,9.77,5.94,7.26,2.29,6.93,6.93,7.65,2.43,6.98,8.53,[KCC2017] NE-98a,342.19015,-44.53094,G,5.051,D,2017A&A...599A..28K,0.19717401287647354,SIMBAD
325,1153,342.189372,-44.5309357,6.923,abells1063,0.348,1.58,7.39,21,1.58,10.43,7.15,7.15,7.16,12.13,12.13,15.11,6.75,8.27,115.53,11.34,5.85,7.42,1.95,4.78,4.78,7.39,2.43,7.46,9.12,CLASH RXJ2248-4431  979,342.1893685,-44.5309358,LeG,5.9,E,2014ApJ...792...76B,0.008989397336629944,SIMBAD
335,1188,342.1590247,-44.5318012,0.6429,abells1063,0.348,1.5,1.62,21,1.5,1.55,1.97,1.97,2.14,1.72,1.72,1.53,1.64,1.61,1.29,1.62,1.57,1.87,2.16,1.73,1.73,1.5,1.23,1.44,1.53,[WEC2019] 28,342.1590458333334,-44.53177222222222,G,0.61,D,2019ApJ...877....7W,0.11757569312965066,SIMBAD
337,1200,342.174913,-44.5341277,0.4598,abells1063,0.348,2.27,2.27,21,2.27,2.08,28.78,28.78,40.27,2.15,2.15,2.25,0.92,10.61,1.39,3.08,14.11,22.07,1.99,2.17,2.17,2.27,2.5,2.36,20.53,[KCG2015] 10,342.174876,-44.53412,GiC,0.341,D,2015A&A...574A..11K,0.09891296930036148,SIMBAD
341,1209,342.188785,-44.5227796,5.3543,abells1063,0.348,4.8,8.86,21,4.8,8.58,8.14,8.14,8.23,8.86,8.86,8.46,9.83,9.56,28.21,10.3,8.71,9.06,3.25,9.7,9.7,12.89,6.95,6.01,12.46,[KIS2018] AS1063 57.1,342.188756,-44.522771,LeI,5.237,C,2018ApJ...855....4K,0.08061624969524013,SIMBAD
342,1211,342.1758148,-44.5325324,1.1178,abells1063,0.348,2.03,8.66,21,2.03,8.64,8.66,8.66,8.8,15.5,15.5,18.47,10.96,11.24,6.94,10.56,8.0,8.89,5.39,6.74,6.74,10.33,3.45,11.63,6.12,NAME CMC2020 MUSE SW 461-99-99,342.1758,-44.532523,LeG,1.4283,C,2018A&A...613A..72G,0.05086929342017435,SIMBAD
343,1215,342.1769499,-44.5341098,0.3678,abells1063,0.348,1.18,1.45,21,1.18,1.77,1.45,1.45,1.43,1.2,1.2,1.21,6.1,1.64,1.07,2.93,1.63,3.62,1.15,1.18,1.18,1.18,1.8,1.79,1.93,[KCG2015] 2,342.1769,-44.534098,GiC,0.3342,D,2012AJ....144...79G,0.1349155621516519,SIMBAD
345,1222,342.1946207,-44.5322802,0.4724,abells1063,0.348,1.33,1.56,21,1.33,1.56,1.54,1.54,1.54,1.63,1.63,1.61,1.56,2.25,1.56,1.6,1.54,1.55,1.37,1.58,1.58,1.85,1.39,1.56,4.85,[KCC2017] NE-72,342.19462,-44.53228,G,0.352,D,2017A&A...599A..28K,0.0019353132887078668,SIMBAD
346,1225,342.1571749,-44.5326681,3.7993,abells1063,0.348,2.6,3.35,20,2.6,2.75,3.95,3.95,4.25,25.11,25.11,15.45,,0.11,1.78,0.19,99.01,0.75,4.98,2.7,2.7,1.9,17.41,4.64,0.23,[GVR2012] 1661,342.157132,-44.532661,GiC,0.345,C,2014ApJ...792...45R,0.11302083557086332,SIMBAD
349,1242,342.2114589,-44.5255982,3.871,abells1063,0.348,0.34,1.31,19,,0.34,1.14,1.14,1.31,20.97,20.97,36.78,0.74,0.59,1.45,136.05,4.94,0.05,,1.5,1.5,2.06,0.82,0.77,0.34,[GVR2012] 528,342.211458,-44.525593,GiC,0.3623,D,2012AJ....144...79G,0.018861975400342755,SIMBAD
355,1265,342.183073,-44.5330958,0.8229,abells1063,0.348,1.76,5.81,21,1.76,15.8,5.68,5.68,5.59,14.43,14.43,15.11,0.68,1.59,3.09,26.7,16.37,1.53,4.12,5.81,5.81,13.05,8.75,16.18,0.56,[KCG2015] 26,342.1830708333333,-44.53306944444444,G,0.35,D,2015A&A...574A..11K,0.09504278074529057,SIMBAD
357,1269,342.1911103,-44.5329433,4.21,abells1063,0.348,64.09,64.09,21,64.09,1044.11,15.26,15.26,15.67,65.7,65.7,96.97,142.17,420.5,54.79,199.41,126.5,99.88,56.92,44.12,44.12,44.32,24.74,238.1,27.07,[KCC2017] NE-49,342.1911,-44.53295,G,0.347,D,2017A&A...599A..28K,0.035783305856507255,SIMBAD
359,1271,342.1915748,-44.5333511,0.5196,abells1063,0.348,1.49,2.2,21,1.49,1.96,9.65,9.65,8.35,2.19,2.19,2.2,215.85,1.83,2.08,8.43,42.22,11.31,1.58,1.97,1.97,1.87,2.53,3.13,216.91,[KCC2017] NE-59,342.19159,-44.53335,G,0.3486,D,2017A&A...599A..28K,0.039207229321109156,SIMBAD
369,1293,342.1853391,-44.5341332,0.7001,abells1063,0.348,7.83,6.75,21,7.83,7.19,32.92,32.92,27.39,8.35,8.35,8.68,5.77,88.91,2.47,6.91,5.64,5.73,5.33,4.4,4.4,4.42,6.75,6.12,5.24,[KCG2015] 77,342.18533,-44.53412,G,0.3532,D,2017A&A...599A..28K,0.05294794778307442,SIMBAD
370,1295,342.1857781,-44.5345742,0.383,abells1063,0.348,1.1,1.36,21,1.1,3.07,1.91,1.91,1.87,1.29,1.29,1.3,0.85,1.41,1.15,2.14,2.69,3.06,1.2,1.2,1.2,1.22,1.36,1.39,2.62,[KCG2015] 3,342.185727,-44.534555,GiC,0.335,D,2015A&A...574A..11K,0.1482332914983322,SIMBAD
379,1326,342.2137498,-44.5344839,0.45,abells1063,0.348,1.12,1.11,19,,1.12,1.11,1.11,1.11,1.04,1.04,1.06,1.16,1.31,1.14,1.14,1.15,1.15,,1.02,1.02,1.01,1.06,1.13,1.12,[GVR2012] 291,342.21355000000005,-44.53441666666667,G,0.0815,C,2014ApJ...792...45R,0.5669821955631527,SIMBAD
382,1338,342.1666056,-44.5348157,0.4722,abells1063,0.348,1.4,1.94,21,1.4,1.54,4.92,4.92,4.55,1.94,1.94,1.97,5.02,2.55,1.37,9.63,6.83,8.79,1.75,1.55,1.55,1.67,1.58,1.7,35.08,[KCG2015] 11,342.16657083333337,-44.53482777777778,G,0.342,D,2015A&A...574A..11K,0.09924817510800973,SIMBAD
385,1347,342.1922073,-44.5343507,1.3044,abells1063,0.348,2.67,5.14,21,2.67,6.16,5.14,5.14,5.08,5.58,5.58,5.41,5.22,5.21,4.19,5.89,4.74,4.99,2.54,7.55,7.55,4.82,2.83,5.03,4.54,[RJL2014] AS1063 8.2,342.19254166666667,-44.53442777777777,LeG,3.06,C,2018ApJ...855....4K,0.9017983650877394,SIMBAD
394,1383,342.1698535,-44.5355434,0.4173,abells1063,0.348,1.32,1.75,21,1.32,9.26,35.85,35.85,116.91,1.67,1.67,1.73,2.24,24.58,1.21,9.6,12.34,1017.75,1.43,1.41,1.41,1.3,1.7,1.75,9.89,[KCG2015] 23,342.169807,-44.53553,GiC,0.349,D,2015A&A...574A..11K,0.12870754343088345,SIMBAD
395,1388,342.1843788,-44.5361878,0.4592,abells1063,0.348,1.42,2.06,21,1.42,3.38,9.14,9.14,10.85,2.06,2.06,2.17,1.42,1.52,1.47,3.07,206.92,1.55,1.45,1.64,1.64,1.88,4.56,5.7,51.68,[KCG2015] 31,342.184337,-44.536179,GiC,0.354,D,2015A&A...574A..11K,0.11184380845474663,SIMBAD
396,1390,342.1764599,-44.5336577,0.3934,abells1063,0.348,1.52,1.78,21,1.52,3.08,2.07,2.07,2.03,1.78,1.78,1.87,0.88,46.12,1.24,11.59,2.81,5.07,1.35,1.43,1.43,1.41,1.53,1.5,6.01,[KCG2015] 16,342.176421,-44.5336,GiC,0.3461,D,2012AJ....144...79G,0.2304621914492709,SIMBAD
401,1400,342.1839205,-44.5353157,6.3559,abells1063,0.348,3.49,16.57,21,3.49,16.46,13.96,13.96,14.06,17.97,17.97,23.9,16.93,15.74,9.52,29.48,16.57,21.8,6.7,22.24,22.24,47.54,5.67,9.06,17.94,[BHF2019] RXCJ2248   1143,342.183924,-44.535317,LeG,6.11,E,2022MNRAS.514.1148Y,0.010127681267310491,SIMBAD
404,1414,342.1816736,-44.5393678,6.5266,abells1063,0.348,6.92,37.87,21,6.92,35.47,34.38,34.38,32.01,83.82,83.82,52.95,47.91,44.82,11.43,69.08,42.56,28.89,36.61,43.04,43.04,46.73,6.46,37.87,15.07,[KCG2015] 52b,342.1816375,-44.539363888888886,LeG,4.113,C,2018ApJ...855....4K,0.09369539312154407,SIMBAD
421,1456,342.1730763,-44.5257985,1.4605,abells1063,0.348,3.15,3.15,21,3.15,3.68,3.15,3.15,3.14,3.25,3.25,3.49,3.5,3.53,4.62,4.02,3.35,3.36,2.05,2.56,2.56,3.12,1.79,2.52,2.65,CLASH RXJ2248-4431  743,342.1733274,-44.5259336,LeG,5.92,E,2018ApJ...854...73I,0.8073906167047167,SIMBAD
422,1464,342.2101046,-44.5365201,1.9621,abells1063,0.348,1.64,1.59,20,,1.64,1.58,1.58,1.58,1.18,1.18,1.29,1.84,1.84,1.68,1.78,1.83,1.77,1.78,1.14,1.14,1.12,1.25,1.67,1.6,[WEC2019] 48,342.2101333333333,-44.536502777777784,G,1.44,E,2019ApJ...877....7W,0.09656727115841769,SIMBAD
423,1466,342.1682457,-44.5365484,0.5513,abells1063,0.348,1.95,2.33,21,1.95,2.16,4.26,4.26,4.09,2.33,2.33,2.36,0.45,5.41,1.59,2.21,2.06,9.85,2.61,2.26,2.26,2.38,2.09,2.18,58.3,[KCG2015] 24,342.16825833333337,-44.53658055555555,G,0.349,D,2015A&A...574A..11K,0.12021365364900283,SIMBAD
424,1469,342.1742748,-44.5370975,1.3291,abells1063,0.348,3.41,7.69,21,3.41,10.58,7.24,7.24,7.33,9.61,9.61,7.69,9.45,8.04,3.63,9.65,11.41,8.45,13.43,6.96,6.96,6.63,3.87,11.86,2.95,[MSG2014] 8b,342.17422,-44.537109,LeG,1.837,C,2018ApJ...855....4K,0.14658812415975164,SIMBAD
427,1475,342.1929487,-44.536577,1.5707,abells1063,0.348,2.19,3.25,21,2.19,3.46,3.11,3.11,3.1,3.68,3.68,3.58,3.57,3.51,4.8,3.74,3.25,3.33,1.8,2.63,2.63,3.46,2.03,2.78,2.72,[MSG2014] 5a,342.19294,-44.53659,LeG,1.37,E,2014MNRAS.438.1417M,0.051852144142787646,SIMBAD
428,1477,342.1678071,-44.5262659,2.4786,abells1063,0.348,2.48,3.0,21,2.48,3.12,2.85,2.85,2.84,3.51,3.51,3.31,3.19,3.32,4.05,3.44,3.01,2.92,2.95,3.0,3.0,2.2,1.65,1.93,2.58,[RJL2014] AS1063 9.3,342.16782,-44.526293,LeG,2.7,E,2014MNRAS.438.1417M,0.10302485589214444,SIMBAD
430,1487,342.1788243,-44.5367164,3.9773,abells1063,0.348,2.41,5.21,21,2.41,5.38,4.63,4.63,4.64,5.21,5.21,5.71,6.5,6.81,5.97,6.62,5.36,4.32,3.51,5.32,5.32,5.92,2.09,3.31,4.57,[MSG2014] 21b,342.17883333333333,-44.536736111111104,LeG,3.6067,D,2017A&A...599A..28K,0.07465016685569181,SIMBAD
441,1511,342.171322,-44.5370827,0.5638,abells1063,0.348,2.8,2.34,21,2.8,2.59,2.29,2.29,2.3,2.18,2.18,2.24,2.37,2.34,1.77,2.7,2.47,2.54,2.79,3.0,3.0,2.29,1.89,1.82,3.19,[IKO2018] HFF5C-4111-2125,342.171304,-44.53681,G,1.64,E,2018ApJ...854...73I,0.9828059893478194,SIMBAD
446,1529,342.1909902,-44.5267716,5.2296,abells1063,0.348,0.89,2.66,21,0.89,2.66,2.6,2.6,2.66,3.17,3.17,3.43,2.5,2.74,69.27,3.34,2.42,2.74,1.38,2.66,2.66,2.58,0.92,1.7,1.48,[KIS2018] AS1063 70.2,342.190991,-44.526777,LeI,3.713,C,2018ApJ...855....4K,0.01954812789940977,SIMBAD
447,1531,342.1719227,-44.5302527,0.9112,abells1063,0.348,2.93,4.24,21,2.93,4.97,4.24,4.24,4.22,4.68,4.68,4.8,4.23,4.35,4.15,5.36,4.53,4.28,4.28,4.2,4.2,4.93,2.5,3.87,3.29,[RJL2014] AS1063 14.3,342.1719166666667,-44.53025,LeG,1.035,C,2018ApJ...855....4K,0.018281827351495576,SIMBAD
449,1536,342.1893394,-44.5369168,0.4135,abells1063,0.348,1.17,1.3,21,1.17,1.26,15.7,15.7,12.47,1.3,1.3,1.32,13.69,1.86,1.3,1.27,1.25,208.71,1.16,1.28,1.28,1.26,1.3,1.39,3.12,[KCG2015] 13,342.1894,-44.53689444444444,G,0.344,D,2015A&A...574A..11K,0.1750959286577776,SIMBAD
451,1542,342.1908929,-44.5374606,5.9211,abells1063,0.348,3.12,4.79,21,3.12,5.53,4.68,4.68,4.64,5.49,5.49,6.07,5.82,5.8,4.94,6.25,4.96,5.15,2.31,3.11,3.11,4.79,2.7,4.25,4.15,CLASH RXJ2248-4431 1291,342.190875,-44.53746111111111,LeG,6.11,C,2018ApJ...855....4K,0.04596915793613617,SIMBAD
456,1560,342.1887757,-44.537914,0.7831,abells1063,0.348,1.75,2.51,21,1.75,2.46,45.57,45.57,199.98,2.5,2.5,2.73,2.51,9.94,2.15,2.56,2.37,2.35,1.79,2.78,2.78,2.34,2.34,3.08,5.23,[KCG2015] 39,342.1887,-44.53788333333333,G,0.611,D,2015A&A...574A..11K,0.2234293801259216,SIMBAD
459,1574,342.1800334,-44.5384124,0.9479,abells1063,0.348,3.54,5.25,21,3.54,6.2,5.23,5.23,5.25,5.38,5.38,5.46,5.48,5.64,3.56,6.9,5.7,5.76,4.4,5.13,5.13,4.77,3.67,5.29,4.52,[KIS2018] AS1063 19.1,342.1800416666667,-44.53843055555556,LeG,1.035,C,2018ApJ...855....4K,0.06871603165395107,SIMBAD
462,1581,342.1611672,-44.538307,1.9538,abells1063,0.348,4.14,4.46,21,4.14,4.99,4.2,4.2,4.23,6.31,6.31,4.3,4.68,4.69,1.98,5.54,4.69,4.46,12.92,4.18,4.18,5.0,2.13,2.87,6.36,NAME CMC2020 MUSE SW 48-99-99,342.1610461,-44.5381665,LeG,2.5803,C,2018A&A...613A..72G,0.5936294231178931,SIMBAD
469,1602,342.1858173,-44.5388517,0.4326,abells1063,0.348,1.16,1.31,21,1.16,1.33,1.31,1.31,1.31,1.31,1.31,1.35,1.33,1.34,1.31,1.34,1.32,1.31,1.24,1.32,1.32,1.25,1.22,1.32,1.29,[MSG2014] 21a,342.1858333333333,-44.53886111111111,LeG,3.606,C,2018ApJ...855....4K,0.05329602906268399,SIMBAD
475,1617,342.1791631,-44.5386872,1.5617,abells1063,0.348,7.52,15.93,21,7.52,26.35,15.93,15.93,16.11,14.99,14.99,13.82,17.5,18.62,5.58,37.51,20.75,23.9,13.71,16.92,16.92,9.94,9.41,20.66,10.61,[KCG2015] 52a,342.1791,-44.53863333333333,LeG,4.113,C,2018ApJ...855....4K,0.25262872467971814,SIMBAD
477,1621,342.1820013,-44.5385694,0.366,abells1063,0.348,1.05,1.08,21,1.05,1.08,1.13,1.13,1.13,1.08,1.08,1.09,1.18,1.2,1.08,1.09,1.08,1.08,1.07,1.08,1.08,1.08,1.06,1.09,1.33,[KCG2015] 62,342.18197083333337,-44.538580555555555,G,0.3502,D,2017A&A...599A..28K,0.08788943306055562,SIMBAD
479,1631,342.2071145,-44.5393877,1.4746,abells1063,0.348,1.56,1.5,20,,1.56,1.5,1.5,1.49,1.2,1.2,1.24,1.71,1.72,1.63,1.66,1.71,1.64,1.42,1.11,1.11,1.1,1.22,1.61,1.55,NAME CMC2020 GLASS 01404-99-99,342.2071,-44.5394,LeG,1.4475,C,2020MNRAS.492..821C,0.05783634406752801,SIMBAD
482,1646,342.1716009,-44.539512,0.3723,abells1063,0.348,1.11,1.12,21,1.11,1.12,1.14,1.14,1.14,1.1,1.1,1.1,1.29,1.28,1.09,1.12,1.11,1.47,1.22,1.13,1.13,1.1,1.07,1.07,1.53,[KCG2015] 7,342.1715791666667,-44.53948333333333,G,0.337,D,2015A&A...574A..11K,0.11730382293809308,SIMBAD
483,1647,342.1717621,-44.5405505,0.4305,abells1063,0.348,1.32,1.57,21,1.32,5.22,2.14,2.14,2.1,1.4,1.4,1.39,1.3,7.27,1.24,6.4,3.98,1.39,1.95,1.46,1.46,1.35,1.57,1.61,13.87,[KCG2015] 21,342.171727,-44.54053,GiC,0.348,D,2015A&A...574A..11K,0.11643839086889422,SIMBAD
484,1648,342.1724122,-44.5412094,1.0542,abells1063,0.348,4.04,4.04,21,4.04,5.17,4.03,4.03,4.08,3.55,3.55,3.37,4.23,2.02,2.68,5.37,4.35,4.5,60.53,6.34,6.34,3.86,2.44,2.53,6.66,[BHF2019] RXCJ2248    781,342.17252916666666,-44.54128055555555,LeI,1.27,D,2013A&A...559L...9B,0.39457792410477555,SIMBAD
488,1655,342.1815018,-44.539348,5.0601,abells1063,0.348,7.22,33.28,21,7.22,31.7,26.35,26.35,25.23,49.42,49.42,36.02,35.51,34.6,10.53,51.47,33.28,25.16,26.27,33.55,33.55,171.26,6.24,60.65,12.7,[KCG2015] 52b,342.1816375,-44.539363888888886,LeG,4.113,C,2018ApJ...855....4K,0.35286874986805256,SIMBAD
489,1656,342.1819462,-44.5393835,5.2257,abells1063,0.348,5.35,25.34,21,5.35,23.65,23.81,23.81,22.57,33.47,33.47,30.31,28.89,27.79,10.65,36.47,26.96,19.99,30.32,25.34,25.34,107.04,5.66,115.77,13.32,[KCG2015] 52b,342.1816375,-44.539363888888886,LeG,4.113,C,2018ApJ...855....4K,0.795254033117686,SIMBAD
490,1657,342.184391,-44.5395794,0.6249,abells1063,0.348,1.54,1.95,21,1.54,2.03,1.92,1.92,1.92,1.94,1.94,2.03,2.03,2.04,1.95,2.1,2.0,1.95,1.94,1.95,1.95,1.81,1.59,1.96,1.83,[KCG2015] 40,342.18441666666666,-44.53957222222222,G,0.652,D,2015A&A...574A..11K,0.0707473772242386,SIMBAD
497,1669,342.1884306,-44.5400177,1.5223,abells1063,0.348,1.98,3.36,21,1.98,4.89,3.36,3.36,3.31,6.18,6.18,9.74,3.67,3.54,3.25,3.68,3.41,3.21,2.4,2.16,2.16,2.12,2.31,2.74,4.35,[BHF2019] RXCJ2248    931,342.18844,-44.539998,LeG,1.428,C,2018ApJ...855....4K,0.0749093616885269,SIMBAD
499,1671,342.1889329,-44.5403873,0.4065,abells1063,0.348,1.1,1.84,21,1.1,2.67,1.86,1.86,1.82,1.36,1.36,1.4,1.97,2.07,1.11,54.01,3.48,22.99,1.14,1.08,1.08,1.1,1.84,1.9,4.09,[GVR2012] 575,342.1887291666667,-44.54028888888889,G,0.3477,D,2012AJ....144...79G,0.6315036726074484,SIMBAD
507,1696,342.1820382,-44.5403625,0.6542,abells1063,0.348,1.63,2.52,21,1.63,2.15,11.87,11.87,10.08,2.46,2.46,2.52,8.77,61.21,2.35,13.85,7.55,13.74,2.55,2.2,2.2,2.08,1.98,2.52,15.6,[KCG2015] 12,342.18205,-44.54034,G,0.3435,D,2017A&A...599A..28K,0.08647399247309874,SIMBAD
510,1700,342.1668125,-44.5401978,0.3796,abells1063,0.348,1.13,1.13,21,1.13,1.12,1.48,1.48,1.47,1.11,1.11,1.1,1.48,1.35,1.08,1.13,1.12,1.12,1.18,1.19,1.19,1.16,1.04,1.06,1.14,[KCG2015] 37,342.16658333333334,-44.54020833333333,G,0.459,D,2015A&A...574A..11K,0.5892471360397384,SIMBAD
518,1732,342.180327,-44.540828,2.0689,abells1063,0.348,3.33,6.37,21,3.33,6.57,5.63,5.63,5.63,6.61,6.61,5.87,6.37,6.4,7.92,7.57,6.65,5.96,7.35,8.8,8.8,5.99,2.86,6.02,4.5,[RJL2014] AS1063 9.1,342.18028,-44.540829,LeG,2.92,E,2014MNRAS.438.1417M,0.12065115687340132,SIMBAD
519,1734,342.1807629,-44.5408863,1.8623,abells1063,0.348,2.82,5.57,21,2.82,5.58,4.94,4.94,4.94,5.62,5.62,5.07,5.57,5.58,7.29,6.39,5.75,5.17,7.19,7.14,7.14,5.02,2.65,5.23,4.13,[ZFM2015] RXJ2248 8.1,342.18079,-44.540883,LeG,2.94,E,2014MNRAS.438.1417M,0.07054343350119643,SIMBAD
522,1750,342.1922517,-44.5412876,1.2632,abells1063,0.348,1.65,1.94,21,1.65,2.11,1.92,1.92,1.92,2.05,2.05,2.02,2.23,2.19,2.04,2.19,2.18,2.03,1.62,1.26,1.26,1.48,1.54,1.59,1.94,[BHF2019] RXCJ2248    800,342.1923,-44.54129999999999,G,1.21,E,2021MNRAS.501.1028Y,0.13172661039506903,SIMBAD
530,1793,342.1631871,-44.5417079,0.5853,abells1063,0.348,1.65,1.69,21,1.65,1.76,1.6,1.6,1.6,1.91,1.91,1.7,1.66,1.65,1.3,1.8,1.72,1.69,1.74,1.94,1.94,1.58,1.23,1.4,2.03,[IKO2018] HFF5C-3913-2297,342.163049,-44.541595,G,6.18,E,2018ApJ...854...73I,0.5392167377844445,SIMBAD
531,1797,342.203742,-44.5422594,0.3607,abells1063,0.348,1.01,1.02,21,1.01,1.02,1.18,1.18,1.17,1.01,1.01,1.01,1.02,1.09,1.02,1.02,1.02,1.02,1.01,1.0,1.0,1.0,1.01,1.02,1.02,[DCL2021] RX J2248.7-4431 e,342.20363333333336,-44.54215277777777,G,0.35,D,2016ApJ...833..178V,0.4744202613108967,SIMBAD
535,1815,342.186659,-44.5407575,0.5115,abells1063,0.348,1.27,1.63,21,1.27,8.74,8.17,8.17,7.11,1.57,1.57,1.63,1.07,1.03,1.36,6.32,9.13,5.87,1.45,1.26,1.26,1.25,2.72,3.03,85.39,[KCG2015] 25,342.186616,-44.540745,GiC,0.349,D,2015A&A...574A..11K,0.11915781632247882,SIMBAD
537,1829,342.179184,-44.5421967,0.8384,abells1063,0.348,1.87,2.42,21,1.87,2.48,2.27,2.27,2.28,2.48,2.48,2.23,2.43,2.42,3.3,2.65,2.53,2.39,3.04,2.65,2.65,2.31,1.58,2.02,2.2,[KCG2015] 41,342.17924583333337,-44.54219444444444,G,0.698,D,2015A&A...574A..11K,0.1588622603881673,SIMBAD
545,1854,342.184491,-44.5431889,0.4705,abells1063,0.348,1.17,1.63,21,1.17,53.08,5.6,5.6,5.02,1.43,1.43,1.41,1.82,0.7,1.28,5.49,12.51,9.1,1.43,1.12,1.12,1.11,1.63,1.77,30.57,[KCG2015] 29,342.1845166666667,-44.54317777777778,G,0.353,D,2015A&A...574A..11K,0.07707236798804493,SIMBAD
546,1861,342.1625898,-44.542949,3.3053,abells1063,0.348,4.72,5.32,21,4.72,8.32,4.97,4.97,5.06,15.24,15.24,6.88,5.32,5.28,1.96,7.96,5.92,5.52,3.16,7.98,7.98,2.94,2.29,3.72,46.07,NAME CMC2020 R2248 MR p3 M1 Q3 43 1,342.1625833333334,-44.54294444444445,LeG,3.2421,C,2020MNRAS.492..821C,0.023329429027824585,SIMBAD
553,1886,342.1683162,-44.5324023,1.3553,abells1063,0.348,3.97,5.97,21,3.97,7.61,5.97,5.97,5.93,6.29,6.29,5.97,6.68,6.57,31.12,8.77,6.91,6.23,8.33,5.97,5.97,3.16,3.16,4.85,4.78,[IKO2018] HFF5C-4039-1566,342.168321,-44.532412,G,5.33,E,2018ApJ...854...73I,0.037028939522144665,SIMBAD
561,1935,342.1801455,-44.5441267,0.6824,abells1063,0.348,1.45,1.65,21,1.45,1.75,1.65,1.65,1.65,1.82,1.82,1.62,1.76,1.76,1.49,1.83,1.83,1.72,2.81,1.47,1.47,1.44,1.28,1.52,1.64,[GVR2012] 667,342.1799375,-44.544002777777784,G,0.714,D,2015A&A...574A..11K,0.6955827828290806,SIMBAD
564,1953,342.2050921,-44.5444189,1.6772,abells1063,0.348,1.37,1.38,21,1.37,1.45,1.38,1.38,1.38,1.14,1.14,1.12,1.59,1.62,1.47,1.54,1.64,1.5,1.18,1.08,1.08,1.08,1.11,1.74,1.45,[GDS2018] AS1063-732,342.2051886,-44.5444467,LeG,1.6388,C,2018A&A...613A..72G,0.26705606936467524,SIMBAD
572,1998,342.1975409,-44.5452583,1.1018,abells1063,0.348,1.35,1.43,21,1.35,1.53,1.44,1.44,1.43,1.25,1.25,1.19,1.63,1.64,1.43,1.57,1.68,1.51,1.2,1.08,1.08,1.11,1.22,1.43,1.53,[BHF2019] RXCJ2248    400,342.1975,-44.5453,G,1.39,E,2021MNRAS.501.1028Y,0.1831607861197117,SIMBAD
573,2000,342.1968922,-44.545409,1.1276,abells1063,0.348,1.38,1.44,21,1.38,1.53,1.44,1.44,1.44,1.26,1.26,1.2,1.64,1.64,1.44,1.58,1.7,1.52,1.21,1.09,1.09,1.11,1.21,1.43,1.51,[BHF2019] RXCJ2248    360,342.1969,-44.5454,G,1.15,E,2021MNRAS.501.1028Y,0.038082265449441204,SIMBAD
578,2029,342.204481,-44.5452595,1.4875,abells1063,0.348,1.36,1.36,21,1.36,1.41,1.36,1.36,1.36,1.13,1.13,1.1,1.56,1.59,1.45,1.49,1.6,1.46,1.16,1.07,1.07,1.07,1.1,1.72,1.45,[BHF2019] RXCJ2248    490,342.2045,-44.5453,G,1.38,E,2021MNRAS.501.1028Y,0.15373369575526147,SIMBAD
581,2036,342.1730682,-44.545254,1.028,abells1063,0.348,2.01,2.18,21,2.01,2.44,2.17,2.17,2.18,2.39,2.39,2.05,2.37,2.45,1.63,2.61,2.49,2.35,6.27,2.13,2.13,2.0,1.38,1.71,2.39,[BHF2019] RXCJ2248    438,342.1730749999999,-44.545251,LeG,6.29,E,2022MNRAS.514.1148Y,0.020519047466603362,SIMBAD
590,2057,342.1894157,-44.546056,2.0704,abells1063,0.348,1.55,1.74,21,1.55,1.88,1.75,1.75,1.74,1.63,1.63,1.52,2.06,2.06,1.86,2.03,2.3,1.89,1.49,1.2,1.2,1.19,1.31,1.63,1.79,[BHF2019] RXCJ2248    464,342.189375,-44.546041666666675,G,1.285,D,2019ApJ...877....7W,0.11647617217634021,SIMBAD
593,2071,342.1663818,-44.5458299,1.4196,abells1063,0.348,2.91,2.64,21,2.91,2.92,2.45,2.45,2.48,3.4,3.4,2.83,2.69,2.64,1.46,3.14,2.86,2.75,1.53,2.4,2.4,2.09,1.41,2.12,3.51,[BHF2019] RXCJ2248    484,342.1664,-44.54580000000001,G,1.441,E,2021MNRAS.501.1028Y,0.11733214845002894,SIMBAD
594,2077,342.195466,-44.5320932,1.8895,abells1063,0.348,3.51,7.37,21,3.51,7.83,7.21,7.21,7.16,9.8,9.8,9.3,7.56,7.77,6.63,8.82,7.37,6.83,5.17,8.39,8.39,73.57,3.66,6.96,5.34,[ZFM2015] RXJ2248 4.1,342.19555,-44.532126,LeG,1.91,E,2014MNRAS.438.1417M,0.24578954441766737,SIMBAD
595,2078,342.1786318,-44.5465499,0.4864,abells1063,0.348,1.2,1.33,21,1.2,1.28,2.31,2.31,2.24,1.37,1.37,1.29,0.41,5.91,1.22,1.31,1.33,6.19,1.89,1.13,1.13,1.13,1.26,1.4,23.37,[KCG2015] 30,342.17872083333333,-44.54657222222222,G,0.353,D,2015A&A...574A..11K,0.24215131758349423,SIMBAD
599,2112,342.1826011,-44.5467157,2.8557,abells1063,0.348,1.65,2.1,21,1.65,2.29,2.1,2.1,2.1,2.28,2.28,1.86,2.49,2.5,1.83,2.51,2.9,2.27,5.21,1.47,1.47,1.33,1.46,2.08,2.07,[BHF2019] RXCJ2248    408,342.1826,-44.5467,G,2.98,E,2021MNRAS.501.1028Y,0.05659041667536742,SIMBAD
605,2127,342.1954987,-44.5470285,1.8353,abells1063,0.348,1.37,1.53,21,1.37,1.64,1.53,1.53,1.53,1.25,1.25,1.19,1.79,1.78,1.7,1.68,1.9,1.61,1.24,1.11,1.11,1.12,1.21,1.55,1.62,[BHF2019] RXCJ2248    381,342.1955084,-44.5470291,LeG,1.3528,C,2018A&A...613A..72G,0.024980168763154533,SIMBAD
608,2151,342.1714499,-44.5468587,5.2624,abells1063,0.348,2.75,3.14,21,2.75,3.66,3.11,3.11,3.14,3.64,3.64,3.03,3.66,3.64,1.99,4.17,3.85,3.5,4.75,2.43,2.43,2.26,1.55,2.46,3.62,[LBL2018] AS1063 cluster  2,342.1714468,-44.5468577,LeG,5.068,E,2018ApJ...862..156L,0.00873027880822513,SIMBAD
621,2199,342.1946289,-44.5481945,0.6599,abells1063,0.348,1.26,1.24,20,,1.26,1.24,1.24,1.23,1.1,1.1,1.07,1.34,1.35,1.34,1.31,1.42,1.28,1.1,1.04,1.04,1.04,1.08,1.28,1.26,[BHF2019] RXCJ2248    242,342.1945999999999,-44.548404,LeG,5.83,E,2022MNRAS.514.1148Y,0.7578358216487997,SIMBAD
625,2209,342.1961257,-44.5489481,1.7327,abells1063,0.348,1.48,1.4,20,,1.48,1.4,1.4,1.4,1.15,1.15,1.11,1.65,1.66,1.68,1.55,1.83,1.5,1.18,1.08,1.08,1.09,1.14,1.58,1.47,[BHF2019] RXCJ2248    169,342.1961,-44.5489,G,1.6,E,2021MNRAS.501.1028Y,0.18528828467125394,SIMBAD
627,2218,342.170778,-44.5491021,2.7608,abells1063,0.348,2.47,2.375,20,,2.47,2.23,2.23,2.24,2.49,2.49,2.31,2.57,2.55,1.88,2.73,2.73,2.44,3.18,1.57,1.57,1.5,1.28,2.04,2.52,NAME CMC2020 GLASS 01845-99-99,342.1707948,-44.5491248,LeG,2.3015,C,2018A&A...613A..72G,0.0923897047832448,SIMBAD
631,2239,342.1706539,-44.5494565,1.7985,abells1063,0.348,2.18,2.115,20,,2.18,1.98,1.98,1.99,2.18,2.18,2.07,2.26,2.24,1.76,2.37,2.4,2.16,2.55,1.44,1.44,1.39,1.22,1.85,2.23,[BHF2019] RXCJ2248    230,342.1706,-44.54950000000001,G,2.08,E,2021MNRAS.501.1028Y,0.20891473342067815,SIMBAD
636,2264,342.1661986,-44.5502609,0.5425,abells1063,0.348,1.32,1.295,20,,1.32,1.26,1.26,1.27,1.37,1.37,1.36,1.32,1.32,1.18,1.36,1.37,1.32,1.13,1.09,1.09,1.07,1.03,1.26,1.37,[TSB2015] GLASS RXJ2248-01890,342.16619272,-44.55026509,G,0.47,D,2016ApJ...833..178V,0.021332749686246412,SIMBAD
637,2265,342.1657499,-44.5503225,1.2214,abells1063,0.348,1.9,1.825,20,,1.9,1.72,1.72,1.73,2.09,2.09,2.04,1.92,1.91,1.42,2.02,2.02,1.88,1.38,1.26,1.26,1.21,1.13,1.77,2.06,NAME CMC2020 GLASS 01891-99-99,342.16575,-44.550324999999994,LeG,1.159,C,2020MNRAS.492..821C,0.00900365576622188,SIMBAD
686,2427,342.1874443,-44.5389033,0.5591,abells1063,0.348,1.38,1.67,21,1.38,1.74,1.66,1.66,1.66,1.67,1.67,1.76,1.75,1.75,1.74,1.77,1.7,1.67,1.5,1.73,1.73,1.54,1.47,1.67,1.59,[MSG2014] 20a,342.18741666666665,-44.5387,LeG,3.118,C,2018ApJ...855....4K,0.7353068240599127,SIMBAD
692,2438,342.1855089,-44.5389639,3.8348,abells1063,0.348,3.05,7.15,21,3.05,8.83,7.15,7.15,7.0,7.73,7.73,10.11,8.1,8.72,6.02,8.74,7.39,6.69,4.59,6.94,6.94,4.59,3.77,9.48,6.3,[MSG2014] 21a,342.1858333333333,-44.53886111111111,LeG,3.606,C,2018ApJ...855....4K,0.9110281235841664,SIMBAD
726,2581,342.159279,-44.5439647,6.5269,abells1063,0.348,4.86,4.29,21,4.86,5.45,3.8,3.8,3.86,11.64,11.64,5.55,4.34,4.43,1.38,5.42,4.61,4.29,3.46,2.4,2.4,1.71,2.27,3.93,19.79,[IKO2018] HFF5C-3822-2382,342.159275,-44.543958,G,6.281,E,2018ApJ...862..156L,0.026212683697509186,SIMBAD
736,2633,342.1801998,-44.5439353,0.466,abells1063,0.348,1.2,1.27,21,1.2,1.31,1.27,1.27,1.27,1.33,1.33,1.26,1.31,1.31,1.21,1.33,1.33,1.29,1.57,1.21,1.21,1.19,1.12,1.21,1.27,[GVR2012] 667,342.1799375,-44.544002777777784,G,0.714,D,2015A&A...574A..11K,0.7154992390289212,SIMBAD
758,2749,342.1809628,-44.5463233,0.6881,abells1063,0.348,1.35,1.5,21,1.35,1.56,1.48,1.48,1.49,1.63,1.63,1.45,1.6,1.6,1.5,1.62,1.69,1.55,2.69,1.24,1.24,1.19,1.19,1.42,1.54,[KCG2015] 35,342.18080833333335,-44.54646666666666,G,0.153,D,2015A&A...574A..11K,0.6507229354374574,SIMBAD
762,2773,342.1944343,-44.548341,0.7926,abells1063,0.348,1.32,1.29,20,,1.32,1.29,1.29,1.29,1.12,1.12,1.09,1.42,1.44,1.42,1.38,1.53,1.34,1.13,1.05,1.05,1.05,1.1,1.34,1.31,[BHF2019] RXCJ2248    242,342.1945999999999,-44.548404,LeG,5.83,E,2022MNRAS.514.1148Y,0.4818309005282416,SIMBAD
763,2774,342.1943335,-44.5484116,0.6274,abells1063,0.348,1.24,1.21,20,,1.24,1.21,1.21,1.21,1.09,1.09,1.07,1.31,1.32,1.31,1.28,1.39,1.26,1.09,1.03,1.03,1.04,1.07,1.26,1.23,[BHF2019] RXCJ2248    242,342.1945999999999,-44.548404,LeG,5.83,E,2022MNRAS.514.1148Y,0.684271299822579,SIMBAD
764,2775,342.19443,-44.5485038,0.5272,abells1063,0.348,1.17,1.16,20,,1.17,1.16,1.16,1.16,1.06,1.06,1.04,1.22,1.23,1.23,1.2,1.28,1.18,1.06,1.02,1.02,1.02,1.05,1.19,1.17,[BHF2019] RXCJ2248    242,342.1945999999999,-44.548404,LeG,5.83,E,2022MNRAS.514.1148Y,0.5650714685730962,SIMBAD
765,2776,342.1945955,-44.548398,5.6441,abells1063,0.348,1.66,1.56,20,,1.66,1.56,1.56,1.55,1.26,1.26,1.2,1.88,1.91,1.87,1.79,2.17,1.7,1.27,1.13,1.13,1.14,1.19,1.69,1.64,[BHF2019] RXCJ2248    242,342.1945999999999,-44.548404,LeG,5.83,E,2022MNRAS.514.1148Y,0.0244918033734734,SIMBAD
767,2787,342.1772967,-44.5482834,0.3543,abells1063,0.348,1.01,1.01,20,,1.01,1.01,1.01,1.01,1.01,1.01,1.01,1.01,1.01,1.01,1.01,1.02,1.01,1.03,1.0,1.0,1.0,1.0,1.01,1.01,[BHF2019] RXCJ2248    247,342.1770516,-44.5483266,LeG,5.541,E,2018ApJ...862..156L,0.6477681858423386,SIMBAD
