main_id,ra,dec,otype,rvz_redshift,rvz_qual,rvz_bibcode
[GVR2012] 275,342.168949,-44.577559,GiC,0.0525,D,2012AJ....144...79G
[GVR2012] 106,342.179331,-44.583541,GiC,0.348,D,2012AJ....144...79G
[GVR2012] 330,342.17243333333334,-44.572408333333335,G,0.3423,D,2012AJ....144...79G
[GVR2012] 389,342.16752083333336,-44.569527777777786,G,0.3375,D,2012AJ....144...79G
[GVR2012] 634,342.1500333333333,-44.565547222222214,G,0.3464,D,2012AJ....144...79G
[GVR2012] 907,342.13675,-44.557605555555554,G,0.3484,D,2012AJ....144...79G
[TSB2015] GLASS RXJ2248-01890,342.16619272,-44.55026509,G,0.47,D,2016ApJ...833..178V
[BHF2019] RXCJ2248    165,342.201924,-44.549906,LeG,5.93,E,2022MNRAS.514.1148Y
[WEC2019] 26,342.17999999999995,-44.566975,G,0.474,D,2019ApJ...877....7W
[WEC2019] 36,342.21148333333326,-44.56749166666667,G,0.969,E,2019ApJ...877....7W
[WEC2019] 41,342.15914999999995,-44.57729722222222,G,1.074,D,2019ApJ...877....7W
[WEC2019] 49,342.20226249999996,-44.557180555555554,G,2.566,E,2019ApJ...877....7W
[GVR2012] 497,342.175065,-44.558633,GiC,0.3459,D,2012AJ....144...79G
[KCG2015] 40,342.18441666666666,-44.53957222222222,G,0.652,D,2015A&A...574A..11K
[KCG2015] 21,342.171727,-44.54053,GiC,0.348,D,2015A&A...574A..11K
[KCC2017] NE-61,342.18564,-44.53124,G,0.349,D,2017A&A...599A..28K
[KCC2017] NE-16,342.18419,-44.5203,G,0.3386,D,2017A&A...599A..28K
[KCG2015] 39,342.1887,-44.53788333333333,G,0.611,D,2015A&A...574A..11K
[KCC2017] NE-65,342.18907,-44.52645,G,0.3498,D,2017A&A...599A..28K
[GVR2012] 637,342.204623,-44.521691,GiC,0.3567,D,2012AJ....144...79G
[GVR2012] 435,342.201961,-44.54025,GiC,0.364,C,2014ApJ...792...45R
[DBL2017] DES J2248-4431 (1),342.1955625,-44.52851666666666,LI?,1.11,E,2017ApJS..232...15D
[KCG2015] 26,342.1830708333333,-44.53306944444444,G,0.35,D,2015A&A...574A..11K
[KCG2015] 35,342.18080833333335,-44.54646666666666,G,0.153,D,2015A&A...574A..11K
[KCG2015] 41,342.17924583333337,-44.54219444444444,G,0.698,D,2015A&A...574A..11K
[KCG2015] 8,342.1869375,-44.53536388888889,G,0.338,D,2015A&A...574A..11K
[KCC2017] NE-13,342.19207,-44.52283,G,0.3368,D,2017A&A...599A..28K
[KCC2017] NE-10,342.18425827971,-44.52807285395001,G,0.333,D,2017A&A...599A..28K
[STB2016] GLASS RXJ2248 00404,342.2018794,-44.542663866,LeG,9.89,D,2016ApJ...818...38S
[KCC2017] NE-71,342.17891,-44.52472,G,0.3515,D,2017A&A...599A..28K
[KCC2017] NE-22,342.19589,-44.52368,G,0.34,D,2017A&A...599A..28K
NAME CMB2024 SPT-CL J2248-4431 BCG,342.1835625,-44.53077222222222,BiC,0.3482,C,2014ApJ...792...45R
[STB2016] GLASS RXJ2248 00207,342.18560157,-44.547224418,LeG,8.55,D,2016ApJ...818...38S
[KCC2017] NE-26,342.19326,-44.51782,GiC,0.3422,D,2017A&A...599A..28K
[GVR2012] 119,342.24481,-44.532991,GiC,0.3405,D,2012AJ....144...79G
[KCC2017] NE-62,342.188109,-44.529716,GiC,0.3493,D,2017A&A...599A..28K
[GVR2012] 2000,342.18250000000006,-44.5305,G,0.3482,D,2012AJ....144...79G
[KCC2017] NE-34,342.20017,-44.52722,G,0.3436,D,2017A&A...599A..28K
[KCC2017] NE-43,342.20122,-44.52067,G,0.3459,D,2017A&A...599A..28K
[KCC2017] NE-50,342.18569,-44.53051,G,0.3471,D,2017A&A...599A..28K
[KCC2017] NE-60,342.18669,-44.52061,G,0.3489,D,2017A&A...599A..28K
[KCC2017] NE-68,342.17961,-44.52858,G,0.351,D,2017A&A...599A..28K
[KCC2017] NE-44,342.19577,-44.52415,G,0.346,D,2017A&A...599A..28K
[GVR2012] 79,342.243508,-44.537658,GiC,0.3477,D,2012AJ....144...79G
[KCC2017] NE-77,342.17911,-44.52866,G,0.3533,D,2017A&A...599A..28K
[KIS2018] AS1063 44.1,342.198367,-44.53575800000001,LeI,2.976,C,2018ApJ...855....4K
[DBL2017] DES J2248-4431 (2),342.1946458333333,-44.527227777777775,LI?,1.14,E,2017ApJS..232...15D
[GVR2012] 194,342.22045833333334,-44.54206388888888,G,0.2977,D,2012AJ....144...79G
[KCC2017] NE-28,342.19421,-44.52209,G,0.3424,D,2017A&A...599A..28K
[DCL2021] RX J2248.7-4431 e,342.20363333333336,-44.54215277777777,G,0.35,D,2016ApJ...833..178V
[KIS2018] AS1063 44.2,342.192403,-44.525046999999994,LeI,2.976,C,2018ApJ...855....4K
[KIS2018] AS1063 57.2,342.18378,-44.521233,LeI,5.237,C,2018ApJ...855....4K
[KIS2018] AS1063 70.2,342.190991,-44.526777,LeI,3.713,C,2018ApJ...855....4K
[KCC2017] NE-48,342.19001,-44.5345,G,0.347,D,2017A&A...599A..28K
[KCG2015] 13,342.1894,-44.53689444444444,G,0.344,D,2015A&A...574A..11K
[RBB2014] J224850.03-443132.1,342.208454,-44.525619,GiC,0.3491,C,2014ApJ...792...45R
[GVR2012] 667,342.1799375,-44.544002777777784,G,0.714,D,2015A&A...574A..11K
[KCC2017] NE-59,342.19159,-44.53335,G,0.3486,D,2017A&A...599A..28K
[KCG2015] 72,342.17526,-44.53141,G,0.3398,D,2017A&A...599A..28K
[BVR2013] J224849.28-443055.8,342.2053289,-44.5154793,LeG,3.5457,C,2018A&A...613A..72G
[WEC2019] 4,342.2123375,-44.54329444444444,G,0.237,E,2019ApJ...877....7W
[BHF2019] RXCJ2248    400,342.1975,-44.5453,G,1.39,E,2021MNRAS.501.1028Y
[BHF2019] RXCJ2248    490,342.2045,-44.5453,G,1.38,E,2021MNRAS.501.1028Y
NAME CMC2020 MUSE SW 461-99-99,342.1758,-44.532523,LeG,1.4283,C,2018A&A...613A..72G
[BHF2019] RXCJ2248   1249,342.17597,-44.53615,LeG,1.035,D,2015A&A...574A..11K
[BHF2019] RXCJ2248   1859,342.21,-44.52850000000001,G,2.68,E,2021MNRAS.501.1028Y
[BHF2019] RXCJ2248   2979,342.1943,-44.51299999999999,G,2.2,E,2021MNRAS.501.1028Y
[BHF2019] RXCJ2248   2986,342.1938,-44.5128,G,2.2,E,2021MNRAS.501.1028Y
[KCG2015] 77,342.18533,-44.53412,G,0.3532,D,2017A&A...599A..28K
[KIS2018] AS1063 4.3,342.1816569999999,-44.521384999999995,LeI,1.258,C,2018ApJ...855....4K
CLASH RXJ2248-4431 1704,342.1974342,-44.546269,G,5.7,E,2014ApJ...792...76B
[TSB2015] GLASS RXJ2248-00250,342.19358331,-44.51691873,G,0.5315,D,2016ApJ...833..178V
[KCC2017] NE-47,342.18111,-44.52924,G,0.3464,D,2017A&A...599A..28K
[KCC2017] NE-56,342.19656,-44.51974,G,0.348,D,2017A&A...599A..28K
[KIS2018] AS1063 12.5,342.184103,-44.531637,LeI,6.11,C,2018ApJ...855....4K
[KCC2017] NE-38,342.1927,-44.51976,G,0.3447,D,2017A&A...599A..28K
CLASH RXJ2248-4431 1291,342.190875,-44.53746111111111,LeG,6.11,C,2018ApJ...855....4K
[GVR2012] 395,342.21387916666674,-44.53937777777778,G,0.227,D,2012AJ....144...79G
[RBB2014] J224847.17-443121.0,342.196579,-44.5225,G,0.2414,C,2014ApJ...792...45R
[KCC2017] NE-5,342.18922,-44.52118,G,0.2637,D,2017A&A...599A..28K
[KCC2017] NE-6,342.18969,-44.52006,G,0.2641,D,2017A&A...599A..28K
[KCC2017] NE-100,342.19701,-44.52212,G,5.894,D,2017A&A...599A..28K
NAME CMC2020 MUSE NE 23-99-99,342.18638,-44.521131,LeG,1.2277,C,2018A&A...613A..72G
NAME CMC2020 R2248 MR p1 M1 Q4 51 1,342.192484,-44.530663,LeG,1.2593,C,2020MNRAS.492..821C
NAME CMC2020 MUSE NE 117-99-99,342.19709,-44.52483,LeG,3.4519,C,2020MNRAS.492..821C
[BHF2019] RXCJ2248    242,342.1945999999999,-44.548404,LeG,5.83,E,2022MNRAS.514.1148Y
[BCR2013] L2,342.1810416666667,-44.53462777777777,LeG,6.11,C,2018ApJ...855....4K
[BHF2019] RXCJ2248   1142,342.198542,-44.535311,LeG,5.52,E,2022MNRAS.514.1148Y
[BHF2019] RXCJ2248   1143,342.183924,-44.535317,LeG,6.11,E,2022MNRAS.514.1148Y
[BHF2019] RXCJ2248   2048,342.182266,-44.526074,LeG,8.52,E,2018ApJ...854...73I
NAME CMC2020 MUSE NE 111-99-99,342.1932,-44.53653333333333,LeG,1.397,C,2018ApJ...855....4K
[LBL2018] AS1063 cluster  4,342.1961415,-44.543913,G?,5.265,E,2018ApJ...862..156L
[LBL2018] AS1063 cluster  5,342.1856134,-44.5472307,G?,5.334,E,2018ApJ...862..156L
[LBL2018] AS1063 cluster 10,342.1877755,-44.5474421,G?,5.616,E,2018ApJ...862..156L
[LBL2018] AS1063 cluster 18,342.1997407,-44.5307263,G?,6.18,E,2018ApJ...862..156L
[WEC2019] 3,342.2113666666666,-44.513652777777786,G,0.211,D,2019ApJ...877....7W
[WEC2019] 29,342.21627083333334,-44.545525000000005,G,0.61,D,2019ApJ...877....7W
[WEC2019] 34,342.2588708333333,-44.54378055555556,G,0.746,D,2019ApJ...877....7W
[IKO2018] HFF5C-4877-1209,342.20321,-44.522476,G,6.16,E,2018ApJ...854...73I
[IKO2018] HFF5C-4509-1101,342.18791,-44.519484,G,5.78,E,2018ApJ...854...73I
[IKO2018] HFF5C-4260-1364,342.177526,-44.526787,G,5.86,E,2018ApJ...854...73I
[KCC2017] NE-57,342.18256,-44.52688,G,0.3484,D,2017A&A...599A..28K
[KCG2015] 19,342.1855041666667,-44.53305,G,0.348,D,2015A&A...574A..11K
[KCC2017] NE-79,342.1967,-44.52909,G,0.3572,D,2017A&A...599A..28K
[KCG2015] 4,342.1744875,-44.546213888888886,G,0.335,D,2015A&A...574A..11K
[MSG2014] 14e,342.18399999999997,-44.53158333333334,LeG,6.1074,D,2017A&A...599A..28K
[KCC2017] NE-27,342.19269,-44.51492,G,0.3424,D,2017A&A...599A..28K
[MSG2014] 12c,342.18278,-44.52152,LeG,3.06,E,2014MNRAS.438.1417M
[KCG2015] 27,342.177902,-44.532378,GiC,0.351,D,2015A&A...574A..11K
[KCC2017] NE-18,342.18662,-44.522471,GiC,0.3388,D,2017A&A...599A..28K
[KCC2017] NE-69,342.197233,-44.523265,GiC,0.351,D,2017A&A...599A..28K
[STB2016] GLASS RXJ2248 01953,342.1923995,-44.515663484,LeG,6.5,D,2016ApJ...818...38S
[KCC2017] NE-20,342.19327,-44.52413,G,0.339,D,2017A&A...599A..28K
[MSG2014] Lensed G,342.18375,-44.530833333333334,G,6.11,D,2013A&A...559L...9B
[GVR2012] 279,342.22791,-44.535226,GiC,0.3491,C,2014ApJ...792...45R
[GVR2012] 656,342.205146,-44.51714,GiC,0.3419,C,2014ApJ...792...45R
[GVR2012] 593,342.213859,-44.520589,GiC,0.3459,D,2012AJ....144...79G
[GVR2012] 383,342.2169625,-44.535466666666665,G,0.2362,D,2012AJ....144...79G
NAME FNC2025 GLIMPSE-16043,342.21237179999997,-44.528751,G?,6.5,E,2025ApJ...989...46F
[RBB2014] J224852.86-443104.0,342.220207,-44.517842,GiC,0.353,C,2014ApJ...792...45R
[KCC2017] NE-66,342.204147,-44.525236,GiC,0.3503,D,2017A&A...599A..28K
[WEC2019] 35,342.24367500000005,-44.5447611111111,G,0.96,E,2019ApJ...877....7W
[WEC2019] 27,342.25648333333334,-44.533874999999995,G,0.57,D,2019ApJ...877....7W
[WEC2019] 38,342.19363333333337,-44.56331944444444,G,1.033,E,2019ApJ...877....7W
[GSB2009] J224851.82-443106.6,342.215888,-44.518406,GiC,0.3345247597923227,D,2009A&A...499..357G
[BHF2019] RXCJ2248    381,342.1955084,-44.5470291,LeG,1.3528,C,2018A&A...613A..72G
[BHF2019] RXCJ2248    360,342.1969,-44.5454,G,1.15,E,2021MNRAS.501.1028Y
[BHF2019] RXCJ2248   2983,342.2109,-44.51330000000001,G,1.56,E,2021MNRAS.501.1028Y
[GVR2012] 403,342.223325,-44.5213,GiC,0.3475,D,2012AJ....144...79G
[WEC2019] 48,342.2101333333333,-44.536502777777784,G,1.44,E,2019ApJ...877....7W
CXOU J224845.1-443144,342.2375,-44.50277777777778,ClG,0.3718,E,2016ApJS..224....1R
[GVR2012] 528,342.211458,-44.525593,GiC,0.3623,D,2012AJ....144...79G
[KCC2017] NE-46,342.17794,-44.52407,G,0.3464,D,2017A&A...599A..28K
[KCG2015] 61,342.17462,-44.53699,G,0.339,D,2017A&A...599A..28K
[MSG2014] 2a,342.1956,-44.528406,LeG,1.229,D,2016A&A...587A..80C
[RJL2014] AS1063 4.3,342.17987,-44.521546,LeG,1.26,E,2016A&A...587A..80C
[MSG2014] 1a,342.19591666666673,-44.52896388888889,LeG,1.228,C,2018ApJ...855....4K
[ZFM2015] RXJ2248 4.1,342.19555,-44.532126,LeG,1.91,E,2014MNRAS.438.1417M
[ZFM2015] RXJ2248 4.2,342.19393,-44.528695,LeG,1.75,E,2014MNRAS.438.1417M
[MSG2014] 13a,342.19368,-44.530122,LeG,1.258,C,2018ApJ...855....4K
[ZFM2015] RXJ2248 8.3,342.16792,-44.526221,LeG,2.65,E,2015ApJ...801...44Z
[ZFM2015] RXJ2248 8.2,342.17463,-44.538391,LeG,0.18,E,2015ApJ...801...44Z
[RJL2014] AS1063 9.1,342.18028,-44.540829,LeG,2.92,E,2014MNRAS.438.1417M
[KCG2015] 49a,342.17506,-44.541027,LeG,3.117,C,2018ApJ...855....4K
[RJL2014] AS1063 8.2,342.19254166666667,-44.53442777777777,LeG,3.06,C,2018ApJ...855....4K
[KIS2018] AS1063 19.1,342.1800416666667,-44.53843055555556,LeG,1.035,C,2018ApJ...855....4K
[RJL2014] AS1063 14.3,342.1719166666667,-44.53025,LeG,1.035,C,2018ApJ...855....4K
[JSB2014] AS1063 7.1,342.16939,-44.527251,LeG,1.837,C,2018ApJ...855....4K
[KCC2017] NE-12,342.19189,-44.52967,G,0.3366,D,2017A&A...599A..28K
[KCG2015] 10,342.174876,-44.53412,GiC,0.341,D,2015A&A...574A..11K
[GVR2012] 1546,342.175094,-44.510524,GiC,0.3436,D,2012AJ....144...79G
[KCC2017] NE-63,342.188097,-44.525948,GiC,0.3494,D,2017A&A...599A..28K
[GVR2012] 1532,342.146273,-44.530946,GiC,0.3521,C,2014ApJ...792...45R
[KCC2017] NE-30,342.18902,-44.51923,G,0.3427,D,2017A&A...599A..28K
[KIS2018] AS1063 2.3,342.179742,-44.521566,LeI,1.259,C,2018ApJ...855....4K
[KCC2017] NE-17,342.188014,-44.532767,GiC,0.3387,D,2017A&A...599A..28K
[KCC2017] NE-72,342.19462,-44.53228,G,0.352,D,2017A&A...599A..28K
[MSG2014] 2c,342.18642,-44.52116,LeG,1.229,D,2016A&A...587A..80C
[KCC2017] NE-29,342.18844,-44.51775,G,0.3427,D,2017A&A...599A..28K
[GVR2012] 1472,342.1858708333333,-44.49754166666667,G,0.355,D,2019ApJ...877....7W
[GVR2012] 844,342.1557875,-44.545827777777774,G,0.3312,C,2014ApJ...792...45R
[GVR2012] 746,342.17701046972,-44.53696762303,G,0.337,D,2019ApJ...877....7W
[GVR2012] 104,342.17559166666666,-44.587825,G,0.3387,D,2012AJ....144...79G
[DCL2021] RX J2248.7-4431 d,342.1754458333333,-44.53544444444445,G,0.3375,D,2016ApJ...833..178V
[KCC2017] NE-24,342.18295,-44.52495,G,0.3406,D,2017A&A...599A..28K
[GVR2012] 601,342.15128333333337,-44.56450833333333,G,0.1976,D,2012AJ....144...79G
[KCG2015] 52b,342.1816375,-44.539363888888886,LeG,4.113,C,2018ApJ...855....4K
[KIS2018] AS1063 17.2,342.179086,-44.536691,LeI,3.606,C,2018ApJ...855....4K
[KIS2018] AS1063 70.1,342.17632699999996,-44.520671,LeI,3.713,C,2018ApJ...855....4K
[KIS2018] AS1063 59.3,342.169528,-44.528625,LeI,1.875,C,2018ApJ...855....4K
[KCG2015] 50,342.1622458333333,-44.538291666666666,G,3.117,D,2015A&A...574A..11K
[KCG2015] 36,342.1716458333333,-44.528955555555555,G,0.16,D,2015A&A...574A..11K
[KCG2015] 71,342.18116,-44.53788,G,0.3388,D,2017A&A...599A..28K
[KCG2015] 12,342.18205,-44.54034,G,0.3435,D,2017A&A...599A..28K
[GVR2012] 470,342.149853,-44.571448,GiC,0.3355,D,2012AJ....144...79G
[KCG2015] 15,342.1868458333333,-44.53389166666667,G,0.346,D,2015A&A...574A..11K
[KCC2017] NE-9,342.19795,-44.52782,G,0.332,D,2017A&A...599A..28K
[KCC2017] NE-23,342.19547,-44.53244,G,0.3401,D,2017A&A...599A..28K
[GVR2012] 1796,342.1452708333333,-44.49380277777777,G,0.4559,D,2012AJ....144...79G
[GVR2012] 264,342.1650583333334,-44.58408888888889,G,0.2547,D,2012AJ....144...79G
[GVR2012] 1790,342.15018333333336,-44.490125,G,0.0562,D,2012AJ....144...79G
[RBB2014] J224836.53-443117.7,342.15212,-44.521664,GiC,0.362,C,2014ApJ...792...45R
[KIS2018] AS1063 59.2,342.17346,-44.53659699999999,LeI,1.875,C,2018ApJ...855....4K
[KCC2017] NE-45,342.18453,-44.52931,G,0.3463,D,2017A&A...599A..28K
[KCC2017] NE-25,342.19517,-44.52925,G,0.341,D,2017A&A...599A..28K
[KCG2015] 53c,342.1840708333333,-44.53531666666667,G,6.107,D,2015A&A...574A..11K
[KCC2017] NE-76,342.19137,-44.53433,G,0.3532,D,2017A&A...599A..28K
[KCC2017] NE-35,342.18539,-44.518629,GiC,0.344,D,2017A&A...599A..28K
[WEC2019] 22,342.1135208333333,-44.503886111111115,G,0.453,D,2019ApJ...877....7W
[WEC2019] 43,342.1373833333334,-44.55496944444443,G,1.241,D,2019ApJ...877....7W
[WEC2019] 47,342.15715416666666,-44.54509722222222,G,1.44,D,2019ApJ...877....7W
[GVR2012] 523,342.176921,-44.553646,GiC,0.3329,D,2012AJ....144...79G
[KCG2015] 57,342.1832416666667,-44.54385555555556,G,0.3532,D,2017A&A...599A..28K
[KCC2017] NE-52,342.18368,-44.53056,G,0.3478,D,2017A&A...599A..28K
[DCL2021] RX J2248.7-4431 b,342.1571599999999,-44.54514,G,0.3312,D,2021A&A...648A..63D
[KCC2017] NE-58,342.19528,-44.53483,G,0.3485,D,2017A&A...599A..28K
[LBL2018] AS1063 cluster  2,342.1714468,-44.5468577,LeG,5.068,E,2018ApJ...862..156L
[BHF2019] RXCJ2248    781,342.17252916666666,-44.54128055555555,LeI,1.27,D,2013A&A...559L...9B
[BHF2019] RXCJ2248    931,342.18844,-44.539998,LeG,1.428,C,2018ApJ...855....4K
[BHF2019] RXCJ2248   1818,342.1634,-44.5297,G,1.597,E,2021MNRAS.501.1028Y
[BHF2019] RXCJ2248   2012,342.1877,-44.5275,LeG,1.38,E,2014MNRAS.438.1417M
[BHF2019] RXCJ2248   2341,342.1789,-44.5236,LeG,1.45,E,2014MNRAS.438.1417M
[BHF2019] RXCJ2248   2752,342.1636,-44.5155,G,1.19,E,2021MNRAS.501.1028Y
[BHF2019] RXCJ2248   2755,342.18355416666657,-44.51648333333334,G,1.241,E,2019ApJ...877....7W
[BHF2019] RXCJ2248   2817,342.1856,-44.5161,G,1.15,E,2021MNRAS.501.1028Y
[BHF2019] RXCJ2248   2888,342.15869999999995,-44.51579999999999,G,2.89,E,2021MNRAS.501.1028Y
[BHF2019] RXCJ2248   2910,342.16349999999994,-44.5147,G,1.481,E,2021MNRAS.501.1028Y
[BHF2019] RXCJ2248   3104,342.1669,-44.5112,G,1.43,E,2021MNRAS.501.1028Y
[KCC2017] NE-53,342.189127,-44.529524,GiC,0.3479,D,2017A&A...599A..28K
[GVR2012] 1842,342.1141958333333,-44.52150277777777,G,0.348,D,2019ApJ...877....7W
[TSB2015] GLASS RXJ2248-01336,342.18117882,-44.53789988,G,0.4675,D,2016ApJ...833..178V
[KCC2017] NE-32,342.19293,-44.52207,G,0.3431,D,2017A&A...599A..28K
[KCC2017] NE-49,342.1911,-44.53295,G,0.347,D,2017A&A...599A..28K
[KCC2017] NE-54,342.18293,-44.53046,G,0.348,D,2017A&A...599A..28K
[GVR2012] 165,342.2312458333334,-44.541374999999995,G,0.4381,D,2012AJ....144...79G
[GVR2012] 1163,342.1050708333333,-44.53422499999999,G,0.1122,D,2012AJ....144...79G
[KCC2017] NE-4,342.1891,-44.52116,G,0.2637,D,2017A&A...599A..28K
[KCG2015] 30,342.17872083333333,-44.54657222222222,G,0.353,D,2015A&A...574A..11K
[KCC2017] NE-86,342.20357,-44.52496,G,0.7048,D,2017A&A...599A..28K
[KCC2017] NE-87b,342.18894,-44.52864,G,0.7287,D,2017A&A...599A..28K
[KCC2017] NE-91,342.19238,-44.52505,G,2.976,D,2017A&A...599A..28K
[KCC2017] NE-98a,342.19015,-44.53094,G,5.051,D,2017A&A...599A..28K
[GVR2012] 1178,342.16625833333336,-44.490272222222224,G,0.2409,D,2012AJ....144...79G
[GVR2012] 1703,342.1430416666666,-44.54541388888889,G,0.4518,D,2012AJ....144...79G
[GVR2012] 1381,342.17241666666666,-44.4999,G,0.4535,D,2012AJ....144...79G
[KCC2017] NE-51,342.18663,-44.53109,G,0.3475,D,2017A&A...599A..28K
NAME CMC2020 GLASS 01891-99-99,342.16575,-44.550324999999994,LeG,1.159,C,2020MNRAS.492..821C
NAME CMC2020 MUSE SW 51-99-99,342.17401666666666,-44.541241666666664,LeG,3.2275,C,2020MNRAS.492..821C
NAME CMC2020 MUSE SW 45-99-99,342.17552083333334,-44.54557777777777,LeG,1.2694,C,2020MNRAS.492..821C
NAME CMC2020 R2248 MR p1 M1 Q4 59 1,342.1991817,-44.5133024,LeG,1.4267,C,2018A&A...613A..72G
NAME CMC2020 GLASS 01404-99-99,342.2071,-44.5394,LeG,1.4475,C,2020MNRAS.492..821C
[BHF2019] RXCJ2248    247,342.1770516,-44.5483266,LeG,5.541,E,2018ApJ...862..156L
[BHF2019] RXCJ2248    438,342.1730749999999,-44.545251,LeG,6.29,E,2022MNRAS.514.1148Y
CLASH RXJ2248-4431  401,342.17129166666666,-44.51983611111111,LeG,6.11,C,2018ApJ...855....4K
[BHF2019] RXCJ2248   3001,342.173965,-44.514089,LeG,5.98,E,2022MNRAS.514.1148Y
[MSG2014] 4b,342.18785,-44.527305,LeG,1.397,C,2018ApJ...855....4K
CLASH RXJ2248-4431 1722,342.1777187,-44.5469379,LeG,5.64,E,2018ApJ...862..156L
[IKO2018] HFF5C-3930-1274,342.163789,-44.524303,G,5.734,E,2018ApJ...862..156L
[IKO2018] HFF5C-3822-2382,342.159275,-44.543958,G,6.281,E,2018ApJ...862..156L
[WEC2019] 7,342.2292916666667,-44.55565555555556,G,0.332,D,2019ApJ...877....7W
[WEC2019] 33,342.1327958333333,-44.53235555555556,G,0.746,D,2019ApJ...877....7W
[WEC2019] 37,342.1999791666667,-44.48341111111111,G,0.974,E,2019ApJ...877....7W
[BHF2019] RXCJ2248    464,342.189375,-44.546041666666675,G,1.285,D,2019ApJ...877....7W
[IKO2018] HFF5C-3913-2297,342.163049,-44.541595,G,6.18,E,2018ApJ...854...73I
[IKO2018] HFF5C-4493-2466,342.187221,-44.546282,G,5.58,E,2018ApJ...854...73I
[IKO2018] HFF5C-3977-0487,342.165711,-44.51354,G,5.41,E,2018ApJ...854...73I
[IKO2018] HFF5C-3960-0509,342.165033,-44.514157,G,5.66,E,2018ApJ...854...73I
[KCG2015] 2,342.1769,-44.534098,GiC,0.3342,D,2012AJ....144...79G
[GVR2012] 1199,342.181683,-44.511773,GiC,0.5341,D,2012AJ....144...79G
[KCC2017] NE-19,342.1796,-44.52307,G,0.339,D,2017A&A...599A..28K
[KIS2018] AS1063 70.3,342.195692,-44.53743000000001,LeI,3.713,C,2018ApJ...855....4K
[GVR2012] 1364,342.180169,-44.513492,GiC,0.3512,D,2012AJ....144...79G
CLASH RXJ2248-4431  847,342.18904166666664,-44.53001666666667,LeG,6.11,C,2018ApJ...855....4K
ACO S 1063,342.18899999999996,-44.528200000000005,ClG,0.351,D,2015ApJS..216...27B
CLASH RXJ2248-4431  979,342.1893685,-44.5309358,LeG,5.9,E,2014ApJ...792...76B
[MSG2014] 1b,342.1945,-44.52699722222222,LeG,1.228,C,2018ApJ...855....4K
[JSB2014] AS1063 2.2,342.19211,-44.529833,LeI,1.259,C,2018ApJ...855....4K
[MSG2014] 13b,342.19332,-44.529418,LeG,1.258,C,2018ApJ...855....4K
[MSG2014] 8b,342.17422,-44.537109,LeG,1.837,C,2018ApJ...855....4K
[MSG2014] 20b,342.17883333333333,-44.53587777777777,LeG,3.118,C,2018ApJ...855....4K
[MSG2014] 15b,342.19170833333334,-44.53053333333333,LeG,3.06,C,2018ApJ...855....4K
[KIS2018] AS1063 15.3,342.173685,-44.519391,LeG,3.06,C,2018ApJ...855....4K
[KCC2017] NE-67,342.184023,-44.526927,GiC,0.3504,D,2017A&A...599A..28K
[KCG2015] 24,342.16825833333337,-44.53658055555555,G,0.349,D,2015A&A...574A..11K
[KCG2015] 14,342.17446666666666,-44.52899166666666,G,0.346,D,2015A&A...574A..11K
[KCC2017] NE-14,342.19366,-44.5185,G,0.3378,D,2017A&A...599A..28K
[KCG2015] 55,342.16908750000005,-44.5404,G,0.3494,D,2017A&A...599A..28K
[GVR2012] 575,342.1887291666667,-44.54028888888889,G,0.3477,D,2012AJ....144...79G
[GVR2012] 67,342.2385291666667,-44.54394722222223,G,0.3383,D,2012AJ....144...79G
[KCC2017] NE-40,342.20125,-44.52404,G,0.3453,D,2017A&A...599A..28K
[MSG2014] 5a,342.19294,-44.53659,LeG,1.37,E,2014MNRAS.438.1417M
[KCC2017] NE-78,342.186748,-44.527819,GiC,0.355,D,2017A&A...599A..28K
[KCG2015] 43c,342.1806916666667,-44.53865555555555,G,1.035,D,2015A&A...574A..11K
[KCG2015] 47,342.1769875,-44.546325,G,1.477,D,2015A&A...574A..11K
[KCC2017] NE-75,342.200265,-44.525199,GiC,0.3528,C,2014ApJ...792...45R
[KIS2018] AS1063 62.1,342.183917,-44.535313,LeI,6.108,C,2018ApJ...855....4K
[KCG2015] 5,342.1708458333334,-44.53586944444444,G,0.336,D,2015A&A...574A..11K
[GVR2012] 458,342.172241,-44.562679,GiC,0.3429,D,2012AJ....144...79G
[KCC2017] NE-95,342.19711,-44.52467,G,0.33,D,2017A&A...599A..28K
[BHF2019] RXCJ2248    169,342.1961,-44.5489,G,1.6,E,2021MNRAS.501.1028Y
[BHF2019] RXCJ2248    408,342.1826,-44.5467,G,2.98,E,2021MNRAS.501.1028Y
[BHF2019] RXCJ2248    800,342.1923,-44.54129999999999,G,1.21,E,2021MNRAS.501.1028Y
[BHF2019] RXCJ2248   2871,342.1971,-44.51330000000001,G,1.34,E,2021MNRAS.501.1028Y
[BHF2019] RXCJ2248   3122,342.1807,-44.5102,G,2.95,E,2021MNRAS.501.1028Y
[KCC2017] NE-55,342.18857,-44.52671,G,0.348,D,2017A&A...599A..28K
[KIS2018] AS1063 58.2,342.190144,-44.530948,LeI,5.051,C,2018ApJ...855....4K
MKTCS J224841.78-443157.1,342.1739458333332,-44.53242222222222,LeG,0.611532,C,2018MNRAS.477...18P
[STB2016] GLASS RXJ2248 01906,342.19369116,-44.516422494,LeG,8.0,E,2016ApJ...818...38S
CLASH RXJ2248-4431  619,342.1763786,-44.5235886,LeG,5.9,E,2014ApJ...792...76B
[KCG2015] 62,342.18197083333337,-44.538580555555555,G,0.3502,D,2017A&A...599A..28K
[JSB2014] AS1063 11,342.175042,-44.541031,G,3.1169,D,2016ApJ...821L..27V
[KIS2018] AS1063 62.2,342.18845999999996,-44.536173999999995,LeI,6.108,C,2018ApJ...855....4K
[GVR2012] 309,342.191144,-44.556753,GiC,0.3354,D,2012AJ....144...79G
[GVR2012] 381,342.17052083333334,-44.56849722222223,G,0.4605,D,2012AJ....144...79G
[KCG2015] 73,342.16877,-44.53399,G,0.3278,D,2017A&A...599A..28K
[KCC2017] NE-82,342.19539,-44.51676,G,0.394,D,2017A&A...599A..28K
[KCC2017] NE-93a,342.18283,-44.52028,G,3.169,D,2017A&A...599A..28K
[KCG2015] 17,342.1769208333334,-44.537436111111106,G,0.347,D,2015A&A...574A..11K
[KCC2017] NE-64,342.20508,-44.52591,G,0.3495,D,2017A&A...599A..28K
[KCC2017] NE-70,342.19534,-44.5349,G,0.3514,D,2017A&A...599A..28K
[KCC2017] NE-37,342.17724,-44.52502,G,0.3446,D,2017A&A...599A..28K
[KCC2017] NE-21,342.18917,-44.52368,G,0.3397,D,2017A&A...599A..28K
[BHF2019] RXCJ2248   1827,342.2084851,-44.5292163,LeG,1.6372,C,2018A&A...613A..72G
[KCC2017] NE-41,342.19123,-44.53513,G,0.3454,D,2017A&A...599A..28K
[KCC2017] NE-74,342.19002,-44.52413,G,0.353,D,2017A&A...599A..28K
NAME CMC2020 GLASS 01845-99-99,342.1707948,-44.5491248,LeG,2.3015,C,2018A&A...613A..72G
CLASH RXJ2248-4431 1551,342.1679855,-44.5425066,LeG,5.92,E,2018ApJ...862..156L
[BHF2019] RXCJ2248    617,342.193776,-44.542721,LeG,6.44,E,2022MNRAS.514.1148Y
[BHF2019] RXCJ2248   2608,342.172002,-44.519330999999994,LeG,6.55,E,2022MNRAS.514.1148Y
CLASH RXJ2248-4431  743,342.1733274,-44.5259336,LeG,5.92,E,2018ApJ...854...73I
[LBL2018] AS1063 cluster  9,342.175649,-44.5180795,G?,5.611,E,2018ApJ...862..156L
[IKO2018] HFF5C-4414-2071,342.183917,-44.535313,G,6.26,E,2018ApJ...854...73I
[RJL2014] AS1063 9.3,342.16782,-44.526293,LeG,2.7,E,2014MNRAS.438.1417M
[MSG2014] 11c,342.16556,-44.529543,LeG,3.117,C,2018ApJ...855....4K
[GVR2012] 1269,342.122207,-44.530687,GiC,0.342,D,2012AJ....144...79G
[GVR2012] 1410,342.14834166666674,-44.51962777777778,G,0.611,D,2012AJ....144...79G
[GVR2012] 1684,342.1255499999999,-44.55034722222222,G,0.2472,D,2012AJ....144...79G
[KCG2015] 32,342.16265000000004,-44.538088888888886,G,0.355,D,2015A&A...574A..11K
[BHF2019] RXCJ2248   2405,342.1617,-44.5229,G,1.419,E,2021MNRAS.501.1028Y
[BHF2019] RXCJ2248   2922,342.1634,-44.5148,G,1.55,E,2021MNRAS.501.1028Y
[GVR2012] 1867,342.1503083333333,-44.49486944444445,G,0.1502,D,2012AJ....144...79G
NAME CMC2020 MUSE SW 48-99-99,342.1610461,-44.5381665,LeG,2.5803,C,2018A&A...613A..72G
[LBL2018] AS1063 cluster  8,342.1715824,-44.5121431,G?,5.577,E,2018ApJ...862..156L
[WEC2019] 32,342.135,-44.549913888888895,G,0.745,D,2019ApJ...877....7W
[WEC2019] 42,342.15319583333337,-44.56231944444444,G,1.116,D,2019ApJ...877....7W
[WEC2019] 39,342.15067500000004,-44.517041666666664,G,1.034,E,2019ApJ...877....7W
[GVR2012] 577,342.1535708333334,-44.566836111111115,G,0.3528,D,2012AJ....144...79G
[GVR2012] 1453,342.123598,-44.543092,GiC,0.3382,D,2012AJ....144...79G
[KCG2015] 37,342.16658333333334,-44.54020833333333,G,0.459,D,2015A&A...574A..11K
[GVR2012] 998,342.154615,-44.539322,GiC,0.353,C,2014ApJ...792...45R
[GVR2012] 1848,342.14476940992,-44.49802347662,GiC,0.3598,D,2012AJ....144...79G
DES J224842.36-443030.3,342.17653,-44.508421,GiC,0.354,D,2019ApJ...877....7W
[GVR2012] 1884,342.1471,-44.502047222222224,G,0.585,D,2012AJ....144...79G
[GVR2012] 1928,342.1278541666667,-44.51663611111111,G,0.4434,D,2012AJ....144...79G
[GVR2012] 1319,342.1655041666667,-44.501422222222224,G,0.275,D,2019ApJ...877....7W
[DCL2021] RX J2248.7-4431 a,342.1491291666667,-44.527388888888886,G,0.335,D,2019ApJ...877....7W
[KCG2015] 1,342.167075,-44.53469444444444,G,0.327,D,2015A&A...574A..11K
[BHF2019] RXCJ2248    484,342.1664,-44.54580000000001,G,1.441,E,2021MNRAS.501.1028Y
[BHF2019] RXCJ2248   2798,342.1622,-44.5163,G,1.485,E,2021MNRAS.501.1028Y
[RBB2014] J224837.93-443057.9,342.158079,-44.5161,G,0.4584,C,2014ApJ...792...45R
[GVR2012] 1386,342.16425416666664,-44.503499999999995,G,0.18,D,2012AJ....144...79G
[GVR2012] 1357,342.11556249999995,-44.542111111111105,G,0.1822,D,2012AJ....144...79G
[GVR2012] 1310,342.17117083333335,-44.496052777777784,G,0.4729,D,2012AJ....144...79G
NAME CMC2020 R2248 LRb p3 M4 Q3 94 1,342.1546074,-44.5225565,LeG,2.0659,C,2018A&A...613A..72G
NAME CMC2020 MUSE SW 462-99-99,342.1742,-44.52837,LeG,1.4285,C,2018A&A...613A..72G
NAME CMC2020 GLASS 00333-99-99,342.16720833333335,-44.518861111111114,LeG,1.4285,C,2020MNRAS.492..821C
NAME CMC2020 R2248 MR p3 M1 Q3 43 1,342.1625833333334,-44.54294444444445,LeG,3.2421,C,2020MNRAS.492..821C
NAME CMC2020 R2248 LRb p1 M3 Q4 58 2,342.175906,-44.51650300000001,LeG,1.4199,C,2020MNRAS.492..821C
[BHF2019] RXCJ2248   2932,342.1699,-44.515155,LeG,6.74,E,2022MNRAS.514.1148Y
[BHF2019] RXCJ2248   2955,342.16554299999996,-44.514668,LeG,6.14,E,2022MNRAS.514.1148Y
[DCL2021] RX J2248.7-4431 c,342.16724999999997,-44.51391944444444,G,0.3517,C,2014ApJ...792...45R
[TSB2015] GLASS RXJ2248-00331,342.169955,-44.518922,LeG,1.93,D,2020ApJ...900..183W
[LBL2018] AS1063 cluster  1,342.169158,-44.5195842,G?,4.907,E,2018ApJ...862..156L
[LBL2018] AS1063 cluster  3,342.1691507,-44.5192224,G?,5.194,E,2018ApJ...862..156L
[LBL2018] AS1063 cluster  6,342.1618876,-44.5351975,G?,5.535,E,2018ApJ...862..156L
[BHF2019] RXCJ2248   1690,342.164364,-44.530226,LeG,5.846,E,2018ApJ...862..156L
[WEC2019] 28,342.1590458333334,-44.53177222222222,G,0.61,D,2019ApJ...877....7W
[WEC2019] 40,342.1374166666667,-44.51641111111111,G,1.035,E,2019ApJ...877....7W
[IKO2018] HFF5C-4017-0457,342.167376,-44.512709,G,1.15,E,2018ApJ...854...73I
[IKO2018] HFF5C-4186-1141,342.174445,-44.520605,G,6.04,E,2018ApJ...854...73I
[IKO2018] HFF5C-4111-2125,342.171304,-44.53681,G,1.64,E,2018ApJ...854...73I
[IKO2018] HFF5C-3935-1469,342.163986,-44.529704,G,7.92,E,2018ApJ...854...73I
[KCG2015] 11,342.16657083333337,-44.53482777777778,G,0.342,D,2015A&A...574A..11K
[GVR2012] 1289,342.12268124846,-44.532240428829994,GiC,0.3497,D,2012AJ....144...79G
DES J224843.96-443150.8,342.1830291666667,-44.53098611111111,Le?,0.348,D,2015A&A...574A..11K
[GVR2012] 1015,342.161854,-44.529966,GiC,0.347,D,2012AJ....144...79G
[GVR2012] 457,342.220524,-44.525905,GiC,0.3407,D,2012AJ....144...79G
[KCC2017] NE-80,342.19823,-44.52741,G,0.3606,D,2017A&A...599A..28K
[KCC2017] NE-81,342.20442,-44.52459,G,0.3799,D,2017A&A...599A..28K
[KCC2017] NE-84,342.20568,-44.52325,G,0.4386,D,2017A&A...599A..28K
[KCC2017] NE-85,342.18576,-44.52405,G,0.4845,D,2017A&A...599A..28K
[BVR2013] J224844.23-443131.0,342.18429,-44.52529,LeG,0.73,D,2013A&A...559L...9B
[KCC2017] NE-88d,342.1952,-44.52786,G,1.2279,D,2017A&A...599A..28K
[KCC2017] NE-93b,342.19196,-44.52409,G,3.169,D,2017A&A...599A..28K
[KCC2017] NE-97,342.191,-44.52679,G,3.7131,D,2017A&A...599A..28K
[KCC2017] NE-98b,342.19085,-44.53566,G,5.051,D,2017A&A...599A..28K
[KCG2015] 31,342.184337,-44.536179,GiC,0.354,D,2015A&A...574A..11K
[RJL2014] AS1063 4.2,342.1922083333333,-44.529938888888886,LeG,1.26,D,2016A&A...587A..80C
[MSG2014] 21b,342.17883333333333,-44.536736111111104,LeG,3.6067,D,2017A&A...599A..28K
[MSG2014] 3a,342.19269,-44.531187,LeG,1.259,C,2018ApJ...855....4K
[MSG2014] 8a,342.18185,-44.540504,LeG,1.837,C,2018ApJ...855....4K
[ZFM2015] RXJ2248 8.1,342.18079,-44.540883,LeG,2.94,E,2014MNRAS.438.1417M
[RJL2014] AS1063 9.2,342.17478,-44.53859,LeG,3.02,E,2014MNRAS.438.1417M
[BVR2013] J224844.56-443223.9,342.17314,-44.539998,LeG,3.1171,C,2018A&A...613A..72G
[KCG2015] 52a,342.1791,-44.53863333333333,LeG,4.113,C,2018ApJ...855....4K
[MSG2014] 20a,342.18741666666665,-44.5387,LeG,3.118,C,2018ApJ...855....4K
[RJL2014] AS1063 7.3,342.1706666666667,-44.52209722222222,LeG,3.118,C,2018ApJ...855....4K
[MSG2014] 21a,342.1858333333333,-44.53886111111111,LeG,3.606,C,2018ApJ...855....4K
[KIS2018] AS1063 17.3,342.1697916666667,-44.52197777777778,LeG,3.606,C,2018ApJ...855....4K
[KIS2018] AS1063 58.1,342.190836,-44.535657,LeI,5.051,C,2018ApJ...855....4K
[KCG2015] 28,342.1819583333334,-44.53856944444445,G,0.351,D,2015A&A...574A..11K
UCAC2  13044377,342.21981962586,-44.491974806950005,SB*,2.3683078802516633e-06,B,2020AJ....160...83S
[KCC2017] NE-42,342.19550388673,-44.52602464319,GiC,0.3455,D,2017A&A...599A..28K
[KCG2015] 60,342.1799333333334,-44.535599999999995,G,0.3384,D,2017A&A...599A..28K
[KCC2017] NE-36,342.185714,-44.526089,GiC,0.344,D,2017A&A...599A..28K
[KCG2015] 22,342.178988,-44.532765,GiC,0.349,D,2015A&A...574A..11K
[KCC2017] NE-33,342.20085,-44.52723,G,0.3431,D,2017A&A...599A..28K
[KCG2015] 33,342.1604375,-44.53896388888889,G,0.356,D,2015A&A...574A..11K
[GVR2012] 1661,342.157132,-44.532661,GiC,0.345,C,2014ApJ...792...45R
[KCG2015] 25,342.186616,-44.540745,GiC,0.349,D,2015A&A...574A..11K
[GVR2012] 1647,342.14018749999997,-44.50072777777778,G,0.3541,D,2012AJ....144...79G
[KCG2015] 3,342.185727,-44.534555,GiC,0.335,D,2015A&A...574A..11K
[KCC2017] NE-39,342.193271,-44.526427,GiC,0.3448,D,2017A&A...599A..28K
[KCC2017] NE-11,342.18657,-44.53028,G,0.3347,D,2017A&A...599A..28K
[KIS2018] AS1063 59.1,342.181653,-44.54065,LeI,1.875,C,2018ApJ...855....4K
[KCG2015] 29,342.1845166666667,-44.54317777777778,G,0.353,D,2015A&A...574A..11K
[RBB2014] J224849.49-443043.2,342.20624599315994,-44.51207691006,GiC,0.3536,C,2014ApJ...792...45R
[KCC2017] NE-7,342.179416,-44.528183,GiC,0.3275,D,2017A&A...599A..28K
[KIS2018] AS1063 19.2,342.17547499999995,-44.535862,LeI,1.035,C,2018ApJ...855....4K
[GVR2012] 1501,342.17628749999994,-44.51139722222222,G,0.3558,C,2014ApJ...792...45R
[KIS2018] AS1063 44.3,342.181513,-44.520255000000006,LeI,2.976,C,2018ApJ...855....4K
[KCG2015] 63,342.18487916666663,-44.54065277777778,G,0.3491,D,2017A&A...599A..28K
[KCG2015] 56,342.17216666666667,-44.54313888888889,G,0.3494,D,2017A&A...599A..28K
[KCG2015] 16,342.176421,-44.5336,GiC,0.3461,D,2012AJ....144...79G
[KCG2015] 64,342.18556,-44.53859,G,0.335,D,2017A&A...599A..28K
[GDS2018] AS1063-732,342.2051886,-44.5444467,LeG,1.6388,C,2018A&A...613A..72G
[GVR2012] 325,342.224175,-44.534133,GiC,0.346,C,2014ApJ...792...45R
[BHF2019] RXCJ2248    230,342.1706,-44.54950000000001,G,2.08,E,2021MNRAS.501.1028Y
[BHF2019] RXCJ2248   2687,342.159,-44.519,G,1.14,E,2021MNRAS.501.1028Y
[BHF2019] RXCJ2248   2887,342.17619999999994,-44.51270000000001,G,1.583,E,2021MNRAS.501.1028Y
[BHF2019] RXCJ2248   3037,342.1944,-44.5131,G,2.2,E,2021MNRAS.501.1028Y
CLASH RXJ2248-4431 1773,342.1696535,-44.5485453,G,6.0,E,2014ApJ...792...76B
[KCG2015] 34,342.1736583333333,-44.532777777777774,G,0.359,D,2015A&A...574A..11K
[KCC2017] NE-73,342.18353,-44.53011,G,0.353,D,2017A&A...599A..28K
[GVR2012] 291,342.21355000000005,-44.53441666666667,G,0.0815,C,2014ApJ...792...45R
[GVR2012] 133,342.22282916666666,-44.55035833333333,G,0.457,D,2012AJ....144...79G
[GVR2012] 379,342.22791666666666,-44.52849444444444,G,0.3671,D,2012AJ....144...79G
[KCC2017] NE-8,342.18726,-44.52038,G,0.3279,D,2017A&A...599A..28K
[KCC2017] NE-83,342.20296,-44.52716,G,0.4382,D,2017A&A...599A..28K
[KCC2017] NE-87c,342.1901,-44.5301,G,0.7287,D,2017A&A...599A..28K
[KCC2017] NE-94a,342.18935,-44.51871,G,3.2857,D,2017A&A...599A..28K
[KCC2017] NE-94b,342.19615,-44.52292,G,3.2857,D,2017A&A...599A..28K
[KCC2017] NE-99a,342.18378,-44.52122,G,5.2373,D,2017A&A...599A..28K
[KCC2017] NE-99b,342.18874,-44.52276,G,5.2373,D,2017A&A...599A..28K
[KCG2015] 23,342.169807,-44.53553,GiC,0.349,D,2015A&A...574A..11K
[GVR2012] 1610,342.16037499999993,-44.528461111111106,G,0.459,D,2016ApJ...833..178V
[KIS2018] AS1063 57.1,342.188756,-44.522771,LeI,5.237,C,2018ApJ...855....4K
NAME CMC2020 GLASS 00093-99-99,342.1945875,-44.51285277777779,LeG,1.4317,C,2020MNRAS.492..821C
NAME CMC2020 GLASS 00800-99-99,342.19484,-44.527359,LeG,1.2282,C,2020MNRAS.492..821C
NAME CMC2020 R2248 LRb p3 M4 Q3 93  1,342.15819166666665,-44.52005833333333,LeG,1.485,C,2020MNRAS.492..821C
NAME CMC2020 R2248 MR p1 M1 Q4 10  1,342.1458999999999,-44.50835277777778,LeG,1.4312,C,2020MNRAS.492..821C
CLASH RXJ2248-4431 1563,342.176127,-44.5426723,LeG,5.815,E,2018ApJ...862..156L
[BHF2019] RXCJ2248   2086,342.179848,-44.525661,LeG,8.21,E,2018ApJ...854...73I
[BVR2013] J224843.01-443124.9,342.17922,-44.523586,LeG,1.3971,C,2018A&A...613A..72G
[IKO2018] HFF5C-3998-0372,342.166608,-44.510345,G,6.659,E,2018ApJ...862..156L
[WEC2019] 11,342.2020958333333,-44.47858333333333,G,0.341,D,2019ApJ...877....7W
[WEC2019] 21,342.2307,-44.55181666666666,G,0.403,D,2019ApJ...877....7W
[WEC2019] 31,342.16127916666665,-44.48750833333334,G,0.622,D,2019ApJ...877....7W
[IKO2018] HFF5C-4650-2338,342.19377,-44.542729,G,5.64,E,2018ApJ...854...73I
[IKO2018] HFF5C-4213-1414,342.175551,-44.528186,G,6.03,E,2018ApJ...854...73I
[IKO2018] HFF5C-4039-1566,342.168321,-44.532412,G,5.33,E,2018ApJ...854...73I
[KCC2017] NE-31,342.19019,-44.51652,G,0.3428,D,2017A&A...599A..28K
[KCC2017] NE-15,342.18901,-44.5247,G,0.3382,D,2017A&A...599A..28K
[KCG2015] 7,342.1715791666667,-44.53948333333333,G,0.337,D,2015A&A...574A..11K
[GVR2012] 996,342.1441666666666,-44.547799999999995,G,0.3479,D,2012AJ....144...79G
[GVR2012] 587,342.1568208333333,-44.56675833333334,G,0.83,D,2012AJ....144...79G
[WEC2019] 17,342.1400708333333,-44.557225,G,0.335,D,2019ApJ...877....7W
